file;Date;team;DomExt;period;time;athletenum;athletename;action;score;team_adv;position_tir;nb_def_reb;nb_att_reb;nb_att_0;nb_att_1;nb_att_2;nb_att_3;nb_att_4;nb_att_5;nb_att_6;nb_att_tot;score off;trans;score trans;;;;;
18-19_game_2310_Iberostar-Tenerife-Fribourg-Olympic.html;23/10/2018;Iberostar Tenerife;Dom;Q1;09:33;4;Colton Iverson;defensive rebound;0;Fribourg Olympic;1;3;2;1;1;0;0;0;0;3;5;;n;;;;;;
18-19_game_2310_Iberostar-Tenerife-Fribourg-Olympic.html;23/10/2018;Fribourg Olympic;Ext;Q1;09:11;99;Natan Jurkovitz;defensive rebound;0;Iberostar Tenerife;2;4;2;0;1;1;0;1;1;1;5;;n;;;;;;
18-19_game_2310_Iberostar-Tenerife-Fribourg-Olympic.html;23/10/2018;Fribourg Olympic;Ext;Q1;08:49;32;Justin Roberson;offensive rebound;0;Iberostar Tenerife;2;3;2;0;2;2;0;0;0;1;5;0;;;;;;;
18-19_game_2310_Iberostar-Tenerife-Fribourg-Olympic.html;23/10/2018;Iberostar Tenerife;Dom;Q1;08:46;33;Javier Beiran;defensive rebound;0;Fribourg Olympic;1;3;2;0;2;1;0;0;1;1;5;;n;;;;;;
18-19_game_2310_Iberostar-Tenerife-Fribourg-Olympic.html;23/10/2018;Iberostar Tenerife;Dom;Q1;07:59;4;Colton Iverson;offensive rebound;2;Fribourg Olympic;1;1;1;1;1;0;0;0;1;2;5;3;;;;;;;
18-19_game_2310_Iberostar-Tenerife-Fribourg-Olympic.html;23/10/2018;Fribourg Olympic;Ext;Q1;06:51;99;Natan Jurkovitz;defensive rebound;8;Iberostar Tenerife;1;3;1;0;1;0;2;0;2;0;5;;n;;;;;;
18-19_game_2310_Iberostar-Tenerife-Fribourg-Olympic.html;23/10/2018;Iberostar Tenerife;Dom;Q1;05:40;4;Colton Iverson;offensive rebound;7;Fribourg Olympic;1;2;1;0;1;1;1;0;0;2;5;3;;;;;;;
18-19_game_2310_Iberostar-Tenerife-Fribourg-Olympic.html;23/10/2018;Iberostar Tenerife;Dom;Q1;05:19;21;Tim Abromaitis;defensive rebound;10;Fribourg Olympic;3;4;2;0;2;0;1;0;0;2;5;;n;;;;;;
18-19_game_2310_Iberostar-Tenerife-Fribourg-Olympic.html;23/10/2018;Iberostar Tenerife;Dom;Q1;04:30;21;Tim Abromaitis;defensive rebound;13;Fribourg Olympic;4;5;2;0;2;1;0;0;0;2;5;;n;;;;;;
18-19_game_2310_Iberostar-Tenerife-Fribourg-Olympic.html;23/10/2018;Fribourg Olympic;Ext;Q1;03:59;32;Justin Roberson;defensive rebound;8;Iberostar Tenerife;3;3;3;0;3;1;1;0;0;0;5;;n;;;;;;
18-19_game_2310_Iberostar-Tenerife-Fribourg-Olympic.html;23/10/2018;Fribourg Olympic;Ext;Q1;03:03;99;Natan Jurkovitz;defensive rebound;10;Iberostar Tenerife;2;3;2;0;2;2;0;1;0;0;5;;n;;;;;;
18-19_game_2310_Iberostar-Tenerife-Fribourg-Olympic.html;23/10/2018;Fribourg Olympic;Ext;Q1;02:44;50;Andre Williamson;offensive rebound;10;Iberostar Tenerife;1;3;2;0;2;0;1;;1;1;5;0;;;;;;;
18-19_game_2310_Iberostar-Tenerife-Fribourg-Olympic.html;23/10/2018;Fribourg Olympic;Ext;Q1;02:36;99;Natan Jurkovitz;defensive rebound;10;Iberostar Tenerife;3;4;2;0;2;1;1;;1;;5;;n;;;;;;
18-19_game_2310_Iberostar-Tenerife-Fribourg-Olympic.html;23/10/2018;Iberostar Tenerife;Dom;Q1;01:59;9;Nicolas Brussino;defensive rebound;15;Fribourg Olympic;1;2;2;0;2;;2;;1;;5;;o;2;;;;;
18-19_game_2310_Iberostar-Tenerife-Fribourg-Olympic.html;23/10/2018;Iberostar Tenerife;Dom;Q1;01:30;12;Thaddus McFadden;defensive rebound;17;Fribourg Olympic;2;3;1;1;1;;;;2;1;5;;n;;;;;;
18-19_game_2310_Iberostar-Tenerife-Fribourg-Olympic.html;23/10/2018;Fribourg Olympic;Ext;Q1;00:18;50;Andre Williamson;defensive rebound;12;Iberostar Tenerife;3;2;1;0;1;;1;1;1;1;5;;n;;;;;;
18-19_game_2310_Iberostar-Tenerife-Fribourg-Olympic.html;23/10/2018;Fribourg Olympic;Ext;Q1;00:07;5;Florian Steinmann;offensive rebound;12;Iberostar Tenerife;4;3;2;;2;;1;1;;1;5;2;;;;;;;
18-19_game_2310_Iberostar-Tenerife-Fribourg-Olympic.html;23/10/2018;Iberostar Tenerife;Dom;Q2;09:24;31;Pierre-Antoine Gillet;offensive rebound;21;Fribourg Olympic;1;2;1;0;1;1;1;;1;1;5;0;;;;;;;
18-19_game_2310_Iberostar-Tenerife-Fribourg-Olympic.html;23/10/2018;Iberostar Tenerife;Dom;Q2;09:16;9;Nicolas Brussino;offensive rebound;21;Fribourg Olympic;6;3;2;0;1;2;;1;;1;5;2;;;;;;;
18-19_game_2310_Iberostar-Tenerife-Fribourg-Olympic.html;23/10/2018;Iberostar Tenerife;Dom;Q2;08:33;31;Pierre-Antoine Gillet;offensive rebound;23;Fribourg Olympic;5;4;2;;2;;;;2;1;5;0;;;;;;;
18-19_game_2310_Iberostar-Tenerife-Fribourg-Olympic.html;23/10/2018;Fribourg Olympic;Ext;Q2;08:22;5;Florian Steinmann;defensive rebound;16;Iberostar Tenerife;5;4;3;;3;;;;;2;5;;n;;;;;;
18-19_game_2310_Iberostar-Tenerife-Fribourg-Olympic.html;23/10/2018;Fribourg Olympic;Ext;Q2;07:57;50;Andre Williamson;offensive rebound;16;Iberostar Tenerife;2;4;3;;2;1;;;1;1;5;0;;;;;;;
18-19_game_2310_Iberostar-Tenerife-Fribourg-Olympic.html;23/10/2018;Fribourg Olympic;Ext;Q2;07:47;5;Florian Steinmann;offensive rebound;16;Iberostar Tenerife;5;3;2;;2;1;;;;2;5;2;;;;;;;
18-19_game_2310_Iberostar-Tenerife-Fribourg-Olympic.html;23/10/2018;Iberostar Tenerife;Dom;Q2;04:17;10;Ferran Bassas;defensive rebound;32;Fribourg Olympic;6;2;1;;1;1;;1;;2;5;;o;2;;;;;
18-19_game_2310_Iberostar-Tenerife-Fribourg-Olympic.html;23/10/2018;Iberostar Tenerife;Dom;Q2;03:42;1;Lucca Staiger;defensive rebound;34;Fribourg Olympic;1;2;1;1;1;;1;1;1;;5;;n;;;;;;
18-19_game_2310_Iberostar-Tenerife-Fribourg-Olympic.html;23/10/2018;Iberostar Tenerife;Dom;Q2;02:03;1;Lucca Staiger;defensive rebound;38;Fribourg Olympic;6;5;0;;1;;1;;1;2;5;;;;;;;;
18-19_game_2310_Iberostar-Tenerife-Fribourg-Olympic.html;23/10/2018;Fribourg Olympic;Ext;Q2;01:43;88;Chad Timberlake;defensive rebound;24;Iberostar Tenerife;5;3;1;0;1;1;;1;;2;5;;o;2;;;;;
18-19_game_2310_Iberostar-Tenerife-Fribourg-Olympic.html;23/10/2018;Fribourg Olympic;Ext;Q2;00:08;50;Andre Williamson;offensive rebound;30;Iberostar Tenerife;1;3;3;1;3;0;;;;1;5;2;;;;;;;
18-19_game_2310_Iberostar-Tenerife-Fribourg-Olympic.html;23/10/2018;Fribourg Olympic;Ext;Q2;00:00;5;Florian Steinmann;defensive rebound;30;Iberostar Tenerife;;;;;;;;;;;;;;;;;;;
18-19_game_2310_Iberostar-Tenerife-Fribourg-Olympic.html;23/10/2018;Iberostar Tenerife;Dom;Q3;09:30;4;Colton Iverson;defensive rebound;43;Fribourg Olympic;1;5;1;1;1;;;;1;2;5;;n;;;;;;
18-19_game_2310_Iberostar-Tenerife-Fribourg-Olympic.html;23/10/2018;Iberostar Tenerife;Dom;Q3;09:04;9;Nicolas Brussino;defensive rebound;45;Fribourg Olympic;2;5;1;1;;;;;;4;5;;n;;;;;;
18-19_game_2310_Iberostar-Tenerife-Fribourg-Olympic.html;23/10/2018;Iberostar Tenerife;Dom;Q3;08:09;4;Colton Iverson;defensive rebound;50;Fribourg Olympic;1;3;3;;3;;1;;;1;5;;n;;;;;;
18-19_game_2310_Iberostar-Tenerife-Fribourg-Olympic.html;23/10/2018;Iberostar Tenerife;Dom;Q3;07:06;4;Colton Iverson;offensive rebound;53;Fribourg Olympic;3;3;3;0;2;1;1;;;1;5;0;;;;;;;
18-19_game_2310_Iberostar-Tenerife-Fribourg-Olympic.html;23/10/2018;Fribourg Olympic;Ext;Q3;06:54;50;Andre Williamson;defensive rebound;33;Iberostar Tenerife;1;2;0;1;;2;;;;2;5;;n;;;;;;
18-19_game_2310_Iberostar-Tenerife-Fribourg-Olympic.html;23/10/2018;Fribourg Olympic;Ext;Q3;06:26;50;Andre Williamson;defensive rebound;35;Iberostar Tenerife;5;3;2;;2;;;;1;2;5;;n;;;;;;
18-19_game_2310_Iberostar-Tenerife-Fribourg-Olympic.html;23/10/2018;Iberostar Tenerife;Dom;Q3;05:05;4;Colton Iverson;defensive rebound;55;Fribourg Olympic;2;3;2;1;2;;;;;2;5;;o;3;;;;;
18-19_game_2310_Iberostar-Tenerife-Fribourg-Olympic.html;23/10/2018;Fribourg Olympic;Ext;Q3;03:27;50;Andre Williamson;defensive rebound;41;Iberostar Tenerife;2;3;2;;2;;1;;1;1;5;;o;0;;;;;
18-19_game_2310_Iberostar-Tenerife-Fribourg-Olympic.html;23/10/2018;Iberostar Tenerife;Dom;Q3;02:54;4;Colton Iverson;defensive rebound;62;Fribourg Olympic;3;3;2;;2;;;;2;1;5;;o;2;;;;;
18-19_game_2310_Iberostar-Tenerife-Fribourg-Olympic.html;23/10/2018;Iberostar Tenerife;Dom;Q3;01:41;9;Nicolas Brussino;defensive rebound;66;Fribourg Olympic;1;3;3;;3;;;;1;1;5;;o;0;;;;;
18-19_game_2310_Iberostar-Tenerife-Fribourg-Olympic.html;23/10/2018;Iberostar Tenerife;Dom;Q3;00:53;31;Pierre-Antoine Gillet;defensive rebound;68;Fribourg Olympic;1;3;2;;3;;;;;2;5;;n;;;;;;
18-19_game_2310_Iberostar-Tenerife-Fribourg-Olympic.html;23/10/2018;Fribourg Olympic;Ext;Q3;00:00;21;Kevin Madiamba;offensive rebound;45;Iberostar Tenerife;2;4;3;1;3;;;;1;;5;0;;;;;;;
18-19_game_2310_Iberostar-Tenerife-Fribourg-Olympic.html;23/10/2018;Iberostar Tenerife;Dom;Q4;09:10;31;Pierre-Antoine Gillet;offensive rebound;70;Fribourg Olympic;3;2;2;;2;1;1;;1;;5;;;;;;;;
18-19_game_2310_Iberostar-Tenerife-Fribourg-Olympic.html;23/10/2018;Iberostar Tenerife;Dom;Q4;08:19;12;Thaddus McFadden;offensive rebound;73;Fribourg Olympic;3;4;3;0;3;;;1;1;;5;0;;;;;;;
18-19_game_2310_Iberostar-Tenerife-Fribourg-Olympic.html;23/10/2018;Fribourg Olympic;Ext;Q4;08:10;7;Dusan Mladjan;defensive rebound;51;Iberostar Tenerife;3;3;2;;1;2;1;;;1;5;;n;;;;;;
18-19_game_2310_Iberostar-Tenerife-Fribourg-Olympic.html;23/10/2018;Iberostar Tenerife;Dom;Q4;07:48;21;Tim Abromaitis;offensive rebound;73;Fribourg Olympic;5;4;2;;2;2;;;;1;5;0;;;;;;;
18-19_game_2310_Iberostar-Tenerife-Fribourg-Olympic.html;23/10/2018;Fribourg Olympic;Ext;Q4;07:16;6;Paul Gravet;defensive rebound;53;Iberostar Tenerife;5;3;2;0;2;2;;;;1;5;;o;0;;;;;
18-19_game_2310_Iberostar-Tenerife-Fribourg-Olympic.html;23/10/2018;Iberostar Tenerife;Dom;Q4;05:56;21;Tim Abromaitis;defensive rebound;75;Fribourg Olympic;4;5;2;;2;1;;;2;;5;;n;;;;;;
18-19_game_2310_Iberostar-Tenerife-Fribourg-Olympic.html;23/10/2018;Fribourg Olympic;Ext;Q4;05:29;88;Chad Timberlake;defensive rebound;55;Iberostar Tenerife;2;3;2;;2;1;;2;;;5;;o;0;;;;;
18-19_game_2310_Iberostar-Tenerife-Fribourg-Olympic.html;23/10/2018;Iberostar Tenerife;Dom;Q4;05:18;33;Javier Beiran;defensive rebound;75;Fribourg Olympic;3;3;2;0;2;;1;;;2;5;;n;;;;;;
18-19_game_2310_Iberostar-Tenerife-Fribourg-Olympic.html;23/10/2018;Iberostar Tenerife;Dom;Q4;04:42;21;Tim Abromaitis;defensive rebound;78;Fribourg Olympic;1;2;1;;1;2;;;;2;5;;o;0;;;;;
18-19_game_2310_Iberostar-Tenerife-Fribourg-Olympic.html;23/10/2018;Iberostar Tenerife;Dom;Q4;04:37;21;Tim Abromaitis;offensive rebound;78;Fribourg Olympic;3;2;1;;2;;1;;1;1;5;0;;;;;;;
18-19_game_2310_Iberostar-Tenerife-Fribourg-Olympic.html;23/10/2018;Fribourg Olympic;Ext;Q4;04:30;6;Paul Gravet;defensive rebound;55;Iberostar Tenerife;3;3;3;;2;1;1;;;1;5;;n;;;;;;
18-19_game_2310_Iberostar-Tenerife-Fribourg-Olympic.html;23/10/2018;Fribourg Olympic;Ext;Q4;03:28;50;Andre Williamson;offensive rebound;58;Iberostar Tenerife;3;2;1;;1;1;1;;;2;5;2;;;;;;;
18-19_game_2310_Iberostar-Tenerife-Fribourg-Olympic.html;23/10/2018;Iberostar Tenerife;Dom;Q4;01:48;7;Mamadou Niang;defensive rebound;87;Fribourg Olympic;6;4;2;;2;;;;1;2;5;;n;;;;;;
18-19_game_2310_Iberostar-Tenerife-Fribourg-Olympic.html;23/10/2018;Iberostar Tenerife;Dom;Q4;01:36;31;Pierre-Antoine Gillet;offensive rebound;87;Fribourg Olympic;3;3;2;;2;1;;;1;1;5;2;;;;;;;
18-19_game_2310_Iberostar-Tenerife-Fribourg-Olympic.html;23/10/2018;Iberostar Tenerife;Dom;Q4;00:12;7;Mamadou Niang;defensive rebound;91;Fribourg Olympic;6;4;1;;1;1;;;1;2;5;;n;;;;;;
18-19_game_2310_Le-Mans-MHP-Riesen-Ludwigsburg.html;23/10/2018;MHP Riesen Ludwigsburg;Ext;Q1;09:37;5;Owen Klassen;defensive rebound;0;Le Mans;4;2;2;;1;1;;;2;1;5;;n;;;;;;
18-19_game_2310_Le-Mans-MHP-Riesen-Ludwigsburg.html;23/10/2018;Le Mans;Dom;Q1;09:21;19;Adam Waleskowski;offensive rebound;0;MHP Riesen Ludwigsburg;1;3;3;;3;;;1;1;;5;0;;;;;;;
18-19_game_2310_Le-Mans-MHP-Riesen-Ludwigsburg.html;23/10/2018;MHP Riesen Ludwigsburg;Ext;Q1;09:02;21;Malcolm Hill;defensive rebound;0;Le Mans;3;2;1;;2;1;1;1;;;5;;n;;;;;;
18-19_game_2310_Le-Mans-MHP-Riesen-Ludwigsburg.html;23/10/2018;Le Mans;Dom;Q1;08:26;7;Richard Hendrix;defensive rebound;0;MHP Riesen Ludwigsburg;5;4;3;;2;1;;;;2;5;;o;0;;;;;
18-19_game_2310_Le-Mans-MHP-Riesen-Ludwigsburg.html;23/10/2018;MHP Riesen Ludwigsburg;Ext;Q1;08:16;19;Adam Waleskowski;defensive rebound;2;Le Mans;1;3;1;;1;1;;;1;2;5;;n;;;;;;
18-19_game_2310_Le-Mans-MHP-Riesen-Ludwigsburg.html;23/10/2018;MHP Riesen Ludwigsburg;Ext;Q1;07:35;19;Adam Waleskowski;defensive rebound;2;Le Mans;1;3;1;;1;;;1;2;1;5;;n;;;;;;
18-19_game_2310_Le-Mans-MHP-Riesen-Ludwigsburg.html;23/10/2018;Le Mans;Dom;Q1;06:58;23;Cameron Clark;defensive rebound;2;MHP Riesen Ludwigsburg;1;3;1;1;1;1;1;;;1;5;;o;0;;;;;
18-19_game_2310_Le-Mans-MHP-Riesen-Ludwigsburg.html;23/10/2018;MHP Riesen Ludwigsburg;Ext;Q1;06:51;4;David McCray;defensive rebound;4;Le Mans;5;3;1;;1;;;;3;1;5;;o;2;;;;;
18-19_game_2310_Le-Mans-MHP-Riesen-Ludwigsburg.html;23/10/2018;MHP Riesen Ludwigsburg;Ext;Q1;06:26;30;Kelan Martin;defensive rebound;6;Le Mans;1;2;1;;2;1;1;;;1;5;;n;;;;;;
18-19_game_2310_Le-Mans-MHP-Riesen-Ludwigsburg.html;23/10/2018;MHP Riesen Ludwigsburg;Ext;Q1;05:10;30;Kelan Martin;offensive rebound;9;Le Mans;3;4;2;;2;2;;;1;;5;2;;;;;;;
18-19_game_2310_Le-Mans-MHP-Riesen-Ludwigsburg.html;23/10/2018;MHP Riesen Ludwigsburg;Ext;Q1;04:13;20;Lamont Jones;defensive rebound;11;Le Mans;1;2;1;;2;1;1;;;1;5;;n;;;;;;
18-19_game_2310_Le-Mans-MHP-Riesen-Ludwigsburg.html;23/10/2018;Le Mans;Dom;Q1;03:59;15;Wilfried Yeguete;defensive rebound;10;MHP Riesen Ludwigsburg;1;4;2;;2;1;;;1;1;5;;n;;;;;;
18-19_game_2310_Le-Mans-MHP-Riesen-Ludwigsburg.html;23/10/2018;Le Mans;Dom;Q1;02:04;11;Terry Tarpey;defensive rebound;16;MHP Riesen Ludwigsburg;1;2;0;;1;2;;1;;1;5;;n;;;;;;
18-19_game_2310_Le-Mans-MHP-Riesen-Ludwigsburg.html;23/10/2018;Le Mans;Dom;Q1;01:33;11;Terry Tarpey;defensive rebound;16;MHP Riesen Ludwigsburg;1;3;2;;2;;1;;1;1;5;;o;0;;;;;
18-19_game_2310_Le-Mans-MHP-Riesen-Ludwigsburg.html;23/10/2018;MHP Riesen Ludwigsburg;Ext;Q1;01:28;5;Owen Klassen;defensive rebound;13;Le Mans;5;3;2;;;2;;;1;2;5;;o;3;;;;;
18-19_game_2310_Le-Mans-MHP-Riesen-Ludwigsburg.html;23/10/2018;Le Mans;Dom;Q1;00:44;15;Wilfried Yeguete;offensive rebound;16;MHP Riesen Ludwigsburg;3;4;3;;3;;;1;;1;5;2;;;;;;;
18-19_game_2310_Le-Mans-MHP-Riesen-Ludwigsburg.html;23/10/2018;Le Mans;Dom;Q1;00:04;15;Wilfried Yeguete;offensive rebound;18;MHP Riesen Ludwigsburg;1;3;3;;3;;;;1;1;5;1;;;;;;;
18-19_game_2310_Le-Mans-MHP-Riesen-Ludwigsburg.html;23/10/2018;Le Mans;Dom;Q2;09:21;8;Antoine Eito;defensive rebound;21;MHP Riesen Ludwigsburg;3;4;2;;2;1;1;;;1;5;;n;;;;;;
18-19_game_2310_Le-Mans-MHP-Riesen-Ludwigsburg.html;23/10/2018;Le Mans;Dom;Q2;08:35;7;Richard Hendrix;defensive rebound;23;MHP Riesen Ludwigsburg;1;3;1;;1;1;;;1;2;5;;n;;;;;;
18-19_game_2310_Le-Mans-MHP-Riesen-Ludwigsburg.html;23/10/2018;MHP Riesen Ludwigsburg;Ext;Q2;07:52;19;Adam Waleskowski;offensive rebound;21;Le Mans;2;3;3;;3;1;;;;1;5;0;;;;;;;
18-19_game_2310_Le-Mans-MHP-Riesen-Ludwigsburg.html;23/10/2018;Le Mans;Dom;Q2;07:45;7;Richard Hendrix;defensive rebound;25;MHP Riesen Ludwigsburg;2;4;3;;3;;;;1;1;5;;o;0;;;;;
18-19_game_2310_Le-Mans-MHP-Riesen-Ludwigsburg.html;23/10/2018;Le Mans;Dom;Q2;06:47;9;Demitrius Conger;defensive rebound;27;MHP Riesen Ludwigsburg;6;3;2;;1;2;;1;;1;5;;n;;;;;;
18-19_game_2310_Le-Mans-MHP-Riesen-Ludwigsburg.html;23/10/2018;MHP Riesen Ludwigsburg;Ext;Q2;06:29;4;David McCray;defensive rebound;21;Le Mans;5;4;2;;2;;;;1;2;5;;n;;;;;;
18-19_game_2310_Le-Mans-MHP-Riesen-Ludwigsburg.html;23/10/2018;MHP Riesen Ludwigsburg;Ext;Q2;06:13;4;David McCray;offensive rebound;21;Le Mans;6;4;2;;2;1;;;;2;5;0;;;;;;;
18-19_game_2310_Le-Mans-MHP-Riesen-Ludwigsburg.html;23/10/2018;Le Mans;Dom;Q2;05:40;12;Petr Cornelie;defensive rebound;29;MHP Riesen Ludwigsburg;1;4;2;;2;;1;1;;1;5;;n;;;;;;
18-19_game_2310_Le-Mans-MHP-Riesen-Ludwigsburg.html;23/10/2018;Le Mans;Dom;Q2;05:17;7;Richard Hendrix;offensive rebound;29;MHP Riesen Ludwigsburg;6;3;3;;3;;;;;2;5;2;;;;;;;
18-19_game_2310_Le-Mans-MHP-Riesen-Ludwigsburg.html;23/10/2018;MHP Riesen Ludwigsburg;Ext;Q2;04:49;20;Lamont Jones;offensive rebound;21;Le Mans;1;3;3;;3;1;;;;1;5;0;;;;;;;
18-19_game_2310_Le-Mans-MHP-Riesen-Ludwigsburg.html;23/10/2018;MHP Riesen Ludwigsburg;Ext;Q2;04:45;30;Kelan Martin;offensive rebound;21;Le Mans;1;3;3;;3;;1;;;1;5;0;;;;;;;
18-19_game_2310_Le-Mans-MHP-Riesen-Ludwigsburg.html;23/10/2018;MHP Riesen Ludwigsburg;Ext;Q2;04:07;20;Lamont Jones;defensive rebound;24;Le Mans;2;2;1;;1;1;1;;;2;5;;n;;;;;;
18-19_game_2310_Le-Mans-MHP-Riesen-Ludwigsburg.html;23/10/2018;MHP Riesen Ludwigsburg;Ext;Q2;02:38;30;Kelan Martin;defensive rebound;26;Le Mans;5;3;1;;1;;;1;1;2;5;;n;;;;;;
18-19_game_2310_Le-Mans-MHP-Riesen-Ludwigsburg.html;23/10/2018;MHP Riesen Ludwigsburg;Ext;Q2;01:58;5;Owen Klassen;defensive rebound;30;Le Mans;5;4;3;;3;;1;;;1;5;;n;;;;;;
18-19_game_2310_Le-Mans-MHP-Riesen-Ludwigsburg.html;23/10/2018;MHP Riesen Ludwigsburg;Ext;Q2;01:14;5;Owen Klassen;defensive rebound;32;Le Mans;6;4;3;;3;;;;1;1;5;;o;0;;;;;
18-19_game_2310_Le-Mans-MHP-Riesen-Ludwigsburg.html;23/10/2018;MHP Riesen Ludwigsburg;Ext;Q2;01:05;35;Karim Jallow;offensive rebound;32;Le Mans;5;3;2;;2;1;1;;;1;5;3;;;;;;;
18-19_game_2310_Le-Mans-MHP-Riesen-Ludwigsburg.html;23/10/2018;MHP Riesen Ludwigsburg;Ext;Q2;00:35;21;Malcolm Hill;defensive rebound;35;Le Mans;1;2;2;;2;;;1;;2;5;;n;;;;;;
18-19_game_2310_Le-Mans-MHP-Riesen-Ludwigsburg.html;23/10/2018;Le Mans;Dom;Q2;00:10;9;Demitrius Conger;defensive rebound;33;MHP Riesen Ludwigsburg;1;4;2;1;2;;;;1;1;5;;n;;;;;;
18-19_game_2310_Le-Mans-MHP-Riesen-Ludwigsburg.html;23/10/2018;MHP Riesen Ludwigsburg;Ext;Q3;09:41;19;Adam Waleskowski;defensive rebound;35;Le Mans;1;2;1;;2;1;;;;2;5;;n;;;;;;
18-19_game_2310_Le-Mans-MHP-Riesen-Ludwigsburg.html;23/10/2018;Le Mans;Dom;Q3;09:28;7;Richard Hendrix;defensive rebound;33;MHP Riesen Ludwigsburg;2;2;1;;1;1;1;1;;1;5;;n;;;;;;
18-19_game_2310_Le-Mans-MHP-Riesen-Ludwigsburg.html;23/10/2018;MHP Riesen Ludwigsburg;Ext;Q3;08:29;21;Malcolm Hill;defensive rebound;38;Le Mans;5;3;1;;1;2;;;1;1;5;;n;;;;;;
18-19_game_2310_Le-Mans-MHP-Riesen-Ludwigsburg.html;23/10/2018;MHP Riesen Ludwigsburg;Ext;Q3;08:00;21;Malcolm Hill;defensive rebound;40;Le Mans;1;2;1;;1;;1;;;3;5;;o;0;;;;;
18-19_game_2310_Le-Mans-MHP-Riesen-Ludwigsburg.html;23/10/2018;Le Mans;Dom;Q3;07:55;9;Demitrius Conger;defensive rebound;35;MHP Riesen Ludwigsburg;5;3;2;;2;1;;;1;1;5;;n;;;;;;
18-19_game_2310_Le-Mans-MHP-Riesen-Ludwigsburg.html;23/10/2018;MHP Riesen Ludwigsburg;Ext;Q3;07:36;19;Adam Waleskowski;defensive rebound;40;Le Mans;2;2;1;;1;1;;;2;1;5;;n;;;;;;
18-19_game_2310_Le-Mans-MHP-Riesen-Ludwigsburg.html;23/10/2018;Le Mans;Dom;Q3;07:22;23;Cameron Clark;defensive rebound;35;MHP Riesen Ludwigsburg;5;2;1;;1;;;;3;1;5;;n;;;;;;
18-19_game_2310_Le-Mans-MHP-Riesen-Ludwigsburg.html;23/10/2018;MHP Riesen Ludwigsburg;Ext;Q3;06:52;5;Owen Klassen;offensive rebound;40;Le Mans;5;2;1;;1;2;;;1;1;5;0;;;;;;;
18-19_game_2310_Le-Mans-MHP-Riesen-Ludwigsburg.html;23/10/2018;Le Mans;Dom;Q3;06:15;23;Cameron Clark;defensive rebound;39;MHP Riesen Ludwigsburg;1;2;1;;1;1;2;;;1;5;;n;;;;;;
18-19_game_2310_Le-Mans-MHP-Riesen-Ludwigsburg.html;23/10/2018;Le Mans;Dom;Q3;06:08;21;Michael Thompson;defensive rebound;39;MHP Riesen Ludwigsburg;4;3;1;;2;1;;;;2;5;;o;2;;;;;
18-19_game_2310_Le-Mans-MHP-Riesen-Ludwigsburg.html;23/10/2018;Le Mans;Dom;Q3;04:47;12;Petr Cornelie;defensive rebound;41;MHP Riesen Ludwigsburg;5;3;3;;3;;;;2;;5;;n;;;;;;
18-19_game_2310_Le-Mans-MHP-Riesen-Ludwigsburg.html;23/10/2018;MHP Riesen Ludwigsburg;Ext;Q3;04:27;20;Lamont Jones;defensive rebound;40;Le Mans;5;4;3;;3;;;;1;1;5;;n;;;;;;
18-19_game_2310_Le-Mans-MHP-Riesen-Ludwigsburg.html;23/10/2018;Le Mans;Dom;Q3;03:33;15;Wilfried Yeguete;defensive rebound;46;MHP Riesen Ludwigsburg;3;4;2;;1;1;1;;;2;5;;n;;;;;;
18-19_game_2310_Le-Mans-MHP-Riesen-Ludwigsburg.html;23/10/2018;MHP Riesen Ludwigsburg;Ext;Q3;03:11;30;Kelan Martin;defensive rebound;42;Le Mans;5;4;1;;1;1;;1;;2;5;;n;;;;;;
18-19_game_2310_Le-Mans-MHP-Riesen-Ludwigsburg.html;23/10/2018;Le Mans;Dom;Q3;02:31;21;Michael Thompson;defensive rebound;46;MHP Riesen Ludwigsburg;4;4;3;;2;1;;1;;1;5;;n;;;;;;
18-19_game_2310_Le-Mans-MHP-Riesen-Ludwigsburg.html;23/10/2018;Le Mans;Dom;Q3;01:50;15;Wilfried Yeguete;defensive rebound;48;MHP Riesen Ludwigsburg;2;3;0;;;1;2;;1;1;5;;o;0;;;;;
18-19_game_2310_Le-Mans-MHP-Riesen-Ludwigsburg.html;23/10/2018;MHP Riesen Ludwigsburg;Ext;Q3;01:42;30;Kelan Martin;defensive rebound;42;Le Mans;3;2;2;;2;;1;;;2;5;;n;;;;;;
18-19_game_2310_Le-Mans-MHP-Riesen-Ludwigsburg.html;23/10/2018;MHP Riesen Ludwigsburg;Ext;Q3;00:24;4;David McCray;defensive rebound;44;Le Mans;1;2;2;;2;;;;2;1;5;;n;;;;;;
18-19_game_2310_Le-Mans-MHP-Riesen-Ludwigsburg.html;23/10/2018;Le Mans;Dom;Q4;09:39;10;Valentin Bigote;defensive rebound;48;MHP Riesen Ludwigsburg;1;2;1;1;1;1;1;;;1;5;;n;;;;;;
18-19_game_2310_Le-Mans-MHP-Riesen-Ludwigsburg.html;23/10/2018;Le Mans;Dom;Q4;08:28;11;Terry Tarpey;defensive rebound;53;MHP Riesen Ludwigsburg;5;4;3;;3;1;;;1;;5;;n;;;;;;
18-19_game_2310_Le-Mans-MHP-Riesen-Ludwigsburg.html;23/10/2018;Le Mans;Dom;Q4;08:03;12;Petr Cornelie;offensive rebound;53;MHP Riesen Ludwigsburg;2;3;2;;2;;1;;;2;5;0;;;;;;;
18-19_game_2310_Le-Mans-MHP-Riesen-Ludwigsburg.html;23/10/2018;MHP Riesen Ludwigsburg;Ext;Q4;07:29;5;Owen Klassen;defensive rebound;46;Le Mans;1;2;1;1;1;;;;;3;5;;n;;;;;;
18-19_game_2310_Le-Mans-MHP-Riesen-Ludwigsburg.html;23/10/2018;Le Mans;Dom;Q4;06:44;10;Valentin Bigote;defensive rebound;53;MHP Riesen Ludwigsburg;5;4;2;;2;1;;1;;1;5;;o;2;;;;;
18-19_game_2310_Le-Mans-MHP-Riesen-Ludwigsburg.html;23/10/2018;MHP Riesen Ludwigsburg;Ext;Q4;05:55;21;Malcolm Hill;defensive rebound;46;Le Mans;5;2;0;;1;1;;1;;2;5;;n;;;;;;
18-19_game_2310_Le-Mans-MHP-Riesen-Ludwigsburg.html;23/10/2018;MHP Riesen Ludwigsburg;Ext;Q4;05:26;4;David McCray;defensive rebound;46;Le Mans;1;3;2;;2;1;;;;2;5;;n;;;;;;
18-19_game_2310_Le-Mans-MHP-Riesen-Ludwigsburg.html;23/10/2018;MHP Riesen Ludwigsburg;Ext;Q4;04:59;1;Jordon Crawford;defensive rebound;46;Le Mans;1;1;1;1;1;1;;1;;1;5;;o;2;;;;;
18-19_game_2310_Le-Mans-MHP-Riesen-Ludwigsburg.html;23/10/2018;Le Mans;Dom;Q4;04:13;11;Terry Tarpey;defensive rebound;55;MHP Riesen Ludwigsburg;5;3;2;;2;2;;;1;;5;;n;;;;;;
18-19_game_2310_Le-Mans-MHP-Riesen-Ludwigsburg.html;23/10/2018;MHP Riesen Ludwigsburg;Ext;Q4;02:52;5;Owen Klassen;defensive rebound;50;Le Mans;5;2;2;;2;;;;1;2;5;;n;;;;;;
18-19_game_2310_Le-Mans-MHP-Riesen-Ludwigsburg.html;23/10/2018;MHP Riesen Ludwigsburg;Ext;Q4;02:39;4;David McCray;defensive rebound;50;Le Mans;2;2;1;1;1;1;;;;2;5;;n;;;;;;
18-19_game_2310_Le-Mans-MHP-Riesen-Ludwigsburg.html;23/10/2018;Le Mans;Dom;Q4;01:54;9;Demitrius Conger;defensive rebound;57;MHP Riesen Ludwigsburg;1;2;1;1;1;;;;;3;5;;n;;;;;;
18-19_game_2310_Le-Mans-MHP-Riesen-Ludwigsburg.html;23/10/2018;Le Mans;Dom;Q4;01:06;21;Michael Thompson;defensive rebound;61;MHP Riesen Ludwigsburg;3;4;2;;;2;;;1;2;5;;n;;;;;;
18-19_game_2310_Le-Mans-MHP-Riesen-Ludwigsburg.html;23/10/2018;Le Mans;Dom;Q4;00:25;23;Cameron Clark;defensive rebound;63;MHP Riesen Ludwigsburg;5;3;2;;2;1;;1;;1;5;;n;;;;;;
18-19_game_2310_Le-Mans-MHP-Riesen-Ludwigsburg.html;23/10/2018;MHP Riesen Ludwigsburg;Ext;Q4;00:05;30;Kelan Martin;defensive rebound;54;Le Mans;1;2;1;;1;2;;;;2;5;;o;0;;;;;
18-19_game_2310_Nizhny-Novgorod-UCAM-Murcia-CB.html;23/10/2018;Nizhny Novgorod;Dom;Q1;09:32;1;Roderick Odom;defensive rebound;0;UCAM Murcia;2;4;2;;2;2;;;;1;5;;n;;;;;;
18-19_game_2310_Nizhny-Novgorod-UCAM-Murcia-CB.html;23/10/2018;Nizhny Novgorod;Dom;Q1;09:21;17;Ilya Popov;offensive rebound;0;UCAM Murcia;1;3;1;;1;1;1;;;2;5;0;;;;;;;
18-19_game_2310_Nizhny-Novgorod-UCAM-Murcia-CB.html;23/10/2018;Nizhny Novgorod;Dom;Q1;09:07;13;Dmitrii Uzinskii;defensive rebound;0;UCAM Murcia;1;3;3;;3;;1;;1;;5;;o;0;;;;;
18-19_game_2310_Nizhny-Novgorod-UCAM-Murcia-CB.html;23/10/2018;Nizhny Novgorod;Dom;Q1;08:59;17;Ilya Popov;offensive rebound;0;UCAM Murcia;3;4;3;;3;;1;;;1;5;3;;;;;;;
18-19_game_2310_Nizhny-Novgorod-UCAM-Murcia-CB.html;23/10/2018;UCAM Murcia;Ext;Q1;08:24;9;Charlon  Kloof;defensive rebound;0;Nizhny Novgorod;5;4;2;;2;1;;;1;1;5;;o;0;;;;;
18-19_game_2310_Nizhny-Novgorod-UCAM-Murcia-CB.html;23/10/2018;UCAM Murcia;Ext;Q1;07:15;24;Kevin Tumba;offensive rebound;2;Nizhny Novgorod;6;3;3;;3;;;;;2;5;2;;;;;;;
18-19_game_2310_Nizhny-Novgorod-UCAM-Murcia-CB.html;23/10/2018;Nizhny Novgorod;Dom;Q1;05:18;4;Artem Komolov;defensive rebound;5;UCAM Murcia;1;4;3;1;2;;;1;;1;5;;n;;;;;;
18-19_game_2310_Nizhny-Novgorod-UCAM-Murcia-CB.html;23/10/2018;Nizhny Novgorod;Dom;Q1;04:58;55;Kendrick Perry;offensive rebound;5;UCAM Murcia;2;4;3;;3;;1;;1;;5;;;;;;;;
18-19_game_2310_Nizhny-Novgorod-UCAM-Murcia-CB.html;23/10/2018;UCAM Murcia;Ext;Q1;04:47;9;Charlon  Kloof;defensive rebound;8;Nizhny Novgorod;5;3;1;;1;1;;;1;2;5;;o;2;;;;;
18-19_game_2310_Nizhny-Novgorod-UCAM-Murcia-CB.html;23/10/2018;Nizhny Novgorod;Dom;Q1;04:07;55;Kendrick Perry;defensive rebound;8;UCAM Murcia;3;2;2;;2;;1;;;2;5;;o;0;;;;;
18-19_game_2310_Nizhny-Novgorod-UCAM-Murcia-CB.html;23/10/2018;UCAM Murcia;Ext;Q1;03:11;15;Emanuel Cate;offensive rebound;12;Nizhny Novgorod;1;2;1;0;1;3;;;;1;5;0;;;;;;;
18-19_game_2310_Nizhny-Novgorod-UCAM-Murcia-CB.html;23/10/2018;UCAM Murcia;Ext;Q1;03:01;35;Milton Doyle;offensive rebound;12;Nizhny Novgorod;1;4;3;;3;;;1;;1;5;0;;;;;;;
18-19_game_2310_Nizhny-Novgorod-UCAM-Murcia-CB.html;23/10/2018;Nizhny Novgorod;Dom;Q1;02:53;1;Roderick Odom;defensive rebound;8;UCAM Murcia;5;3;2;;1;1;;;;3;5;;n;;;;;;
18-19_game_2310_Nizhny-Novgorod-UCAM-Murcia-CB.html;23/10/2018;Nizhny Novgorod;Dom;Q1;01:57;44;Evgenii Baburin;defensive rebound;8;UCAM Murcia;1;3;2;;2;;;;2;1;5;;o;0;;;;;
18-19_game_2310_Nizhny-Novgorod-UCAM-Murcia-CB.html;23/10/2018;UCAM Murcia;Ext;Q1;01:46;16;Marcos Delia;defensive rebound;14;Nizhny Novgorod;3;3;3;;2;1;1;;;1;5;;;;;;;;
18-19_game_2310_Nizhny-Novgorod-UCAM-Murcia-CB.html;23/10/2018;UCAM Murcia;Ext;Q1;01:38;15;Emanuel Cate;offensive rebound;14;Nizhny Novgorod;5;2;1;;1;1;;;1;2;5;2;;;;;;;
18-19_game_2310_Nizhny-Novgorod-UCAM-Murcia-CB.html;23/10/2018;Nizhny Novgorod;Dom;Q1;01:26;17;Ilya Popov;offensive rebound;8;UCAM Murcia;4;4;2;;1;1;;;;3;5;0;;;;;;;
18-19_game_2310_Nizhny-Novgorod-UCAM-Murcia-CB.html;23/10/2018;UCAM Murcia;Ext;Q1;00:19;16;Marcos Delia;defensive rebound;19;Nizhny Novgorod;1;2;2;;3;;;;1;1;5;;;;;;;;
18-19_game_2310_Nizhny-Novgorod-UCAM-Murcia-CB.html;23/10/2018;UCAM Murcia;Ext;Q2;09:25;15;Emanuel Cate;offensive rebound;19;Nizhny Novgorod;2;2;2;;2;2;;;;1;5;0;;;;;;;
18-19_game_2310_Nizhny-Novgorod-UCAM-Murcia-CB.html;23/10/2018;Nizhny Novgorod;Dom;Q2;08:35;6;Aleksandr Gudumak;defensive rebound;14;UCAM Murcia;6;2;1;;;;;;2;2;4;;n;;;;;;
18-19_game_2310_Nizhny-Novgorod-UCAM-Murcia-CB.html;23/10/2018;UCAM Murcia;Ext;Q2;07:54;35;Milton Doyle;offensive rebound;19;Nizhny Novgorod;1;3;3;;2;1;;;2;;5;0;;;;;;;
18-19_game_2310_Nizhny-Novgorod-UCAM-Murcia-CB.html;23/10/2018;Nizhny Novgorod;Dom;Q2;07:47;6;Aleksandr Gudumak;defensive rebound;16;UCAM Murcia;1;4;2;;2;1;;;;2;5;;n;;;;;;
18-19_game_2310_Nizhny-Novgorod-UCAM-Murcia-CB.html;23/10/2018;Nizhny Novgorod;Dom;Q2;07:06;44;Evgenii Baburin;defensive rebound;18;UCAM Murcia;2;4;2;;2;2;;;;1;5;;;;;;;;
18-19_game_2310_Nizhny-Novgorod-UCAM-Murcia-CB.html;23/10/2018;UCAM Murcia;Ext;Q2;06:00;24;Kevin Tumba;offensive rebound;19;Nizhny Novgorod;3;2;2;;2;;1;;;2;5;0;;;;;;;
18-19_game_2310_Nizhny-Novgorod-UCAM-Murcia-CB.html;23/10/2018;UCAM Murcia;Ext;Q2;05:53;24;Kevin Tumba;offensive rebound;19;Nizhny Novgorod;5;4;3;;3;;;;;2;5;0;;;;;;;
18-19_game_2310_Nizhny-Novgorod-UCAM-Murcia-CB.html;23/10/2018;UCAM Murcia;Ext;Q2;05:23;35;Milton Doyle;defensive rebound;19;Nizhny Novgorod;1;5;2;;2;1;;1;;1;5;;o;2;;;;;
18-19_game_2310_Nizhny-Novgorod-UCAM-Murcia-CB.html;23/10/2018;UCAM Murcia;Ext;Q2;04:44;24;Kevin Tumba;defensive rebound;21;Nizhny Novgorod;6;3;3;;2;;;1;;2;5;;o;0;;;;;
18-19_game_2310_Nizhny-Novgorod-UCAM-Murcia-CB.html;23/10/2018;UCAM Murcia;Ext;Q2;04:27;24;Kevin Tumba;defensive rebound;21;Nizhny Novgorod;5;3;3;;3;;;;;2;5;;n;;;;;;
18-19_game_2310_Nizhny-Novgorod-UCAM-Murcia-CB.html;23/10/2018;Nizhny Novgorod;Dom;Q2;04:07;44;Evgenii Baburin;defensive rebound;22;UCAM Murcia;1;2;1;1;1;1;;;;2;5;;o;0;;;;;
18-19_game_2310_Nizhny-Novgorod-UCAM-Murcia-CB.html;23/10/2018;UCAM Murcia;Ext;Q2;03:36;24;Kevin Tumba;offensive rebound;21;Nizhny Novgorod;2;4;3;;3;1;;;;1;5;1;;;;;;;
18-19_game_2310_Nizhny-Novgorod-UCAM-Murcia-CB.html;23/10/2018;UCAM Murcia;Ext;Q2;02:45;24;Kevin Tumba;defensive rebound;24;Nizhny Novgorod;3;4;2;;2;;1;1;;1;5;;n;;;;;;
18-19_game_2310_Nizhny-Novgorod-UCAM-Murcia-CB.html;23/10/2018;UCAM Murcia;Ext;Q2;01:18;9;Charlon  Kloof;defensive rebound;27;Nizhny Novgorod;1;5;2;;2;1;;1;1;;5;;;;;;;;
18-19_game_2310_Nizhny-Novgorod-UCAM-Murcia-CB.html;23/10/2018;Nizhny Novgorod;Dom;Q2;01:11;1;Roderick Odom;defensive rebound;27;UCAM Murcia;6;3;2;;2;;;1;1;1;5;;n;;;;;;
18-19_game_2310_Nizhny-Novgorod-UCAM-Murcia-CB.html;23/10/2018;Nizhny Novgorod;Dom;Q2;00:40;13;Dmitrii Uzinskii;defensive rebound;27;UCAM Murcia;1;3;2;;2;1;1;0;;1;5;;n;;;;;;
18-19_game_2310_Nizhny-Novgorod-UCAM-Murcia-CB.html;23/10/2018;UCAM Murcia;Ext;Q2;00:27;16;Marcos Delia;defensive rebound;27;Nizhny Novgorod;4;4;2;;1;1;;1;1;1;5;;n;;;;;;
18-19_game_2310_Nizhny-Novgorod-UCAM-Murcia-CB.html;23/10/2018;UCAM Murcia;Ext;Q3;09:32;9;Charlon  Kloof;offensive rebound;27;Nizhny Novgorod;1;3;3;;3;1;;;;1;5;2;;;;;;;
18-19_game_2310_Nizhny-Novgorod-UCAM-Murcia-CB.html;23/10/2018;UCAM Murcia;Ext;Q3;09:13;0;Ovie Soko;defensive rebound;29;Nizhny Novgorod;3;4;3;;3;1;;;;1;5;;o;0;;;;;
18-19_game_2310_Nizhny-Novgorod-UCAM-Murcia-CB.html;23/10/2018;UCAM Murcia;Ext;Q3;09:06;0;Ovie Soko;offensive rebound;29;Nizhny Novgorod;4;3;2;;2;;;1;;2;5;0;;;;;;;
18-19_game_2310_Nizhny-Novgorod-UCAM-Murcia-CB.html;23/10/2018;Nizhny Novgorod;Dom;Q3;08:53;1;Roderick Odom;defensive rebound;27;UCAM Murcia;1;3;2;;2;1;;;;2;5;;n;;;;;;
18-19_game_2310_Nizhny-Novgorod-UCAM-Murcia-CB.html;23/10/2018;UCAM Murcia;Ext;Q3;08:20;27;Sadiel Rojas;offensive rebound;29;Nizhny Novgorod;3;4;3;;2;1;;;1;1;5;0;;;;;;;
18-19_game_2310_Nizhny-Novgorod-UCAM-Murcia-CB.html;23/10/2018;UCAM Murcia;Ext;Q3;08:17;24;Kevin Tumba;offensive rebound;29;Nizhny Novgorod;1;5;3;;3;;;;;2;5;0;;;;;;;
18-19_game_2310_Nizhny-Novgorod-UCAM-Murcia-CB.html;23/10/2018;Nizhny Novgorod;Dom;Q3;08:13;17;Ilya Popov;defensive rebound;29;UCAM Murcia;1;5;3;;3;;;;;2;5;;o;0;;;;;
18-19_game_2310_Nizhny-Novgorod-UCAM-Murcia-CB.html;23/10/2018;Nizhny Novgorod;Dom;Q3;08:09;1;Roderick Odom;offensive rebound;29;UCAM Murcia;3;3;3;;3;;1;;;1;5;2;;;;;;;
18-19_game_2310_Nizhny-Novgorod-UCAM-Murcia-CB.html;23/10/2018;UCAM Murcia;Ext;Q3;07:47;35;Milton Doyle;offensive rebound;29;Nizhny Novgorod;1;3;1;;1;2;;;1;1;5;2;;;;;;;
18-19_game_2310_Nizhny-Novgorod-UCAM-Murcia-CB.html;23/10/2018;UCAM Murcia;Ext;Q3;05:46;16;Marcos Delia;offensive rebound;36;Nizhny Novgorod;1;5;3;;3;;;;;2;5;0;;;;;;;
18-19_game_2310_Nizhny-Novgorod-UCAM-Murcia-CB.html;23/10/2018;UCAM Murcia;Ext;Q3;05:04;0;Ovie Soko;defensive rebound;36;Nizhny Novgorod;5;4;3;;3;;;;;2;5;;o;0;;;;;
18-19_game_2310_Nizhny-Novgorod-UCAM-Murcia-CB.html;23/10/2018;UCAM Murcia;Ext;Q3;04:48;35;Milton Doyle;defensive rebound;36;Nizhny Novgorod;3;3;2;;2;;1;1;;1;5;;;;;;;;
18-19_game_2310_Nizhny-Novgorod-UCAM-Murcia-CB.html;23/10/2018;Nizhny Novgorod;Dom;Q3;04:29;13;Dmitrii Uzinskii;defensive rebound;32;UCAM Murcia;1;2;0;1;;;2;;;2;5;;n;;;;;;
18-19_game_2310_Nizhny-Novgorod-UCAM-Murcia-CB.html;23/10/2018;UCAM Murcia;Ext;Q3;04:02;3;Alex Urtasun;defensive rebound;36;Nizhny Novgorod;2;2;2;;2;2;;;1;;5;;o;2;;;;;
18-19_game_2310_Nizhny-Novgorod-UCAM-Murcia-CB.html;23/10/2018;Nizhny Novgorod;Dom;Q3;03:29;1;Roderick Odom;offensive rebound;32;UCAM Murcia;5;3;3;;2;2;;;;1;5;0;;;;;;;
18-19_game_2310_Nizhny-Novgorod-UCAM-Murcia-CB.html;23/10/2018;UCAM Murcia;Ext;Q3;02:53;3;Alex Urtasun;defensive rebound;39;Nizhny Novgorod;4;4;3;;3;;;;;2;5;;n;;;;;;
18-19_game_2310_Nizhny-Novgorod-UCAM-Murcia-CB.html;23/10/2018;UCAM Murcia;Ext;Q3;02:27;0;Ovie Soko;defensive rebound;39;Nizhny Novgorod;5;4;3;;2;1;;;1;1;5;;n;;;;;;
18-19_game_2310_Nizhny-Novgorod-UCAM-Murcia-CB.html;23/10/2018;UCAM Murcia;Ext;Q3;01:17;3;Alex Urtasun;offensive rebound;42;Nizhny Novgorod;6;1;1;;1;1;1;1;;1;5;2;;;;;;;
18-19_game_2310_Nizhny-Novgorod-UCAM-Murcia-CB.html;23/10/2018;UCAM Murcia;Ext;Q3;00:53;35;Milton Doyle;defensive rebound;44;Nizhny Novgorod;1;4;2;;2;;;;2;1;5;;;;;;;;
18-19_game_2310_Nizhny-Novgorod-UCAM-Murcia-CB.html;23/10/2018;UCAM Murcia;Ext;Q3;00:42;0;Ovie Soko;offensive rebound;44;Nizhny Novgorod;1;2;1;;2;;1;1;1;;5;2;;;;;;;
18-19_game_2310_Nizhny-Novgorod-UCAM-Murcia-CB.html;23/10/2018;Nizhny Novgorod;Dom;Q3;00:24;4;Artem Komolov;offensive rebound;35;UCAM Murcia;1;4;2;;2;2;;;;1;5;2;;;;;;;
18-19_game_2310_Nizhny-Novgorod-UCAM-Murcia-CB.html;23/10/2018;Nizhny Novgorod;Dom;Q4;09:16;21;Sergey Toropov;offensive rebound;37;UCAM Murcia;1;5;3;;3;;1;;;1;5;2;;;;;;;
18-19_game_2310_Nizhny-Novgorod-UCAM-Murcia-CB.html;23/10/2018;UCAM Murcia;Ext;Q4;08:34;0;Ovie Soko;defensive rebound;51;Nizhny Novgorod;3;3;2;;2;1;;1;;1;5;;n;;;;;;
18-19_game_2310_Nizhny-Novgorod-UCAM-Murcia-CB.html;23/10/2018;UCAM Murcia;Ext;Q4;07:56;24;Kevin Tumba;defensive rebound;54;Nizhny Novgorod;1;4;2;;2;1;;1;;1;5;;n;;;;;;
18-19_game_2310_Nizhny-Novgorod-UCAM-Murcia-CB.html;23/10/2018;Nizhny Novgorod;Dom;Q4;05:50;44;Evgenii Baburin;offensive rebound;44;UCAM Murcia;5;4;3;;2;1;;;1;1;5;0;;;;;;;
18-19_game_2310_Nizhny-Novgorod-UCAM-Murcia-CB.html;23/10/2018;UCAM Murcia;Ext;Q4;03:39;24;Kevin Tumba;offensive rebound;65;Nizhny Novgorod;6;4;2;;2;;;;2;1;5;0;;;;;;;
18-19_game_2310_Nizhny-Novgorod-UCAM-Murcia-CB.html;23/10/2018;Nizhny Novgorod;Dom;Q4;03:22;12;Georgy Zhbanov;defensive rebound;49;UCAM Murcia;1;5;4;;4;;;;;1;5;;n;;;;;;
18-19_game_2310_Nizhny-Novgorod-UCAM-Murcia-CB.html;23/10/2018;UCAM Murcia;Ext;Q4;01:21;9;Charlon  Kloof;defensive rebound;71;Nizhny Novgorod;1;4;2;1;2;;;1;;1;5;;n;;;;;;
18-19_game_2310_Nizhny-Novgorod-UCAM-Murcia-CB.html;23/10/2018;UCAM Murcia;Ext;Q4;00:19;16;Marcos Delia;defensive rebound;72;Nizhny Novgorod;5;5;3;;2;1;;;1;1;5;;n;;;;;;
18-19_game_2310_Opava-Umana-Reyer-Venezia.html;23/10/2018;Umana Reyer Venezia;Ext;Q1;09:43;14;Gasper Vidmar;offensive rebound;0;Opava;1;2;2;;2;;1;1;;1;5;0;;;;;;;
18-19_game_2310_Opava-Umana-Reyer-Venezia.html;23/10/2018;Opava;Dom;Q1;09:35;4;Rostislav Dragoun;defensive rebound;0;Umana Reyer Venezia;5;2;1;;1;1;;1;;2;5;;n;;;;;;
18-19_game_2310_Opava-Umana-Reyer-Venezia.html;23/10/2018;Umana Reyer Venezia;Ext;Q1;08:55;14;Gasper Vidmar;offensive rebound;0;Opava;6;2;1;;1;2;;;;2;5;0;;;;;;;
18-19_game_2310_Opava-Umana-Reyer-Venezia.html;23/10/2018;Opava;Dom;Q1;08:54;14;Martin Gniadek;defensive rebound;2;Umana Reyer Venezia;1;4;2;;2;;1;;;2;5;;n;;;;;;
18-19_game_2310_Opava-Umana-Reyer-Venezia.html;23/10/2018;Umana Reyer Venezia;Ext;Q1;08:43;5;Julyan Stone;defensive rebound;0;Opava;3;4;3;;3;1;1;;;;5;;o;2;;;;;
18-19_game_2310_Opava-Umana-Reyer-Venezia.html;23/10/2018;Umana Reyer Venezia;Ext;Q1;07:35;9;Austin Daye;defensive rebound;4;Opava;1;4;1;;1;2;;;1;1;5;;o;2;;;;;
18-19_game_2310_Opava-Umana-Reyer-Venezia.html;23/10/2018;Umana Reyer Venezia;Ext;Q1;06:33;5;Julyan Stone;defensive rebound;8;Opava;1;2;1;;1;;;1;2;1;5;;n;;;;;;
18-19_game_2310_Opava-Umana-Reyer-Venezia.html;23/10/2018;Umana Reyer Venezia;Ext;Q1;05:43;6;Michael Bramos;defensive rebound;11;Opava;1;3;2;;1;1;;;2;1;5;;n;;;;;;
18-19_game_2310_Opava-Umana-Reyer-Venezia.html;23/10/2018;Umana Reyer Venezia;Ext;Q1;05:30;14;Gasper Vidmar;offensive rebound;11;Opava;1;2;2;;2;;;;1;2;5;2;;;;;;;
18-19_game_2310_Opava-Umana-Reyer-Venezia.html;23/10/2018;Umana Reyer Venezia;Ext;Q1;05:09;5;Julyan Stone;defensive rebound;13;Opava;4;5;3;;4;;;;;1;5;;n;;;;;;
18-19_game_2310_Opava-Umana-Reyer-Venezia.html;23/10/2018;Umana Reyer Venezia;Ext;Q1;04:03;5;Julyan Stone;defensive rebound;19;Opava;6;4;3;;3;;;1;;1;5;;n;;;;;;
18-19_game_2310_Opava-Umana-Reyer-Venezia.html;23/10/2018;Umana Reyer Venezia;Ext;Q1;02:50;50;Mitchell Watt;defensive rebound;25;Opava;6;2;2;;2;;;1;;2;5;;n;;;;;;
18-19_game_2310_Opava-Umana-Reyer-Venezia.html;23/10/2018;Opava;Dom;Q1;02:37;4;Rostislav Dragoun;defensive rebound;14;Umana Reyer Venezia;6;3;2;;1;1;;2;;1;5;;n;;;;;;
18-19_game_2310_Opava-Umana-Reyer-Venezia.html;23/10/2018;Umana Reyer Venezia;Ext;Q1;02:24;22;Valerio Mazzola;defensive rebound;25;Opava;1;4;3;;3;;;;2;;5;;n;;;;;;
18-19_game_2310_Opava-Umana-Reyer-Venezia.html;23/10/2018;Umana Reyer Venezia;Ext;Q1;01:32;7;Stefano Tonut;offensive rebound;27;Opava;3;4;2;;1;1;1;;;2;5;0;;;;;;;
18-19_game_2310_Opava-Umana-Reyer-Venezia.html;23/10/2018;Umana Reyer Venezia;Ext;Q1;00:45;22;Valerio Mazzola;defensive rebound;27;Opava;3;3;2;;1;1;1;;;1;4;;n;;;;;;
18-19_game_2310_Opava-Umana-Reyer-Venezia.html;23/10/2018;Umana Reyer Venezia;Ext;Q2;08:28;6;Michael Bramos;defensive rebound;35;Opava;1;4;2;;2;1;;;;2;5;;n;;;;;;
18-19_game_2310_Opava-Umana-Reyer-Venezia.html;23/10/2018;Opava;Dom;Q2;08:17;23;Ludek Jurecka;defensive rebound;19;Umana Reyer Venezia;2;3;0;1;;1;1;;1;1;5;;o;0;;;;;
18-19_game_2310_Opava-Umana-Reyer-Venezia.html;23/10/2018;Umana Reyer Venezia;Ext;Q2;08:08;7;Stefano Tonut;defensive rebound;35;Opava;6;4;3;;3;;;;;2;5;;n;;;;;;
18-19_game_2310_Opava-Umana-Reyer-Venezia.html;23/10/2018;Opava;Dom;Q2;06:04;8;Jan Svandrlik;offensive rebound;25;Umana Reyer Venezia;3;4;3;;4;;1;;;;5;0;;;;;;;
18-19_game_2310_Opava-Umana-Reyer-Venezia.html;23/10/2018;Umana Reyer Venezia;Ext;Q2;06:00;50;Mitchell Watt;defensive rebound;40;Opava;1;4;3;;4;1;;;;;5;;o;2;;;;;
18-19_game_2310_Opava-Umana-Reyer-Venezia.html;23/10/2018;Umana Reyer Venezia;Ext;Q2;05:20;7;Stefano Tonut;defensive rebound;42;Opava;1;1;2;;2;;;;;3;5;;n;;;;;;
18-19_game_2310_Opava-Umana-Reyer-Venezia.html;23/10/2018;Opava;Dom;Q2;04:26;24;Jakub Sirina;offensive rebound;27;Umana Reyer Venezia;1;1;1;;2;;;;;3;5;2;;;;;;;
18-19_game_2310_Opava-Umana-Reyer-Venezia.html;23/10/2018;Umana Reyer Venezia;Ext;Q2;03:35;19;Paul Biligha;defensive rebound;47;Opava;1;3;1;1;1;1;;;;2;5;;n;;;;;;
18-19_game_2310_Opava-Umana-Reyer-Venezia.html;23/10/2018;Opava;Dom;Q2;03:24;14;Martin Gniadek;defensive rebound;29;Umana Reyer Venezia;1;3;1;1;1;;1;;1;1;5;;o;0;;;;;
18-19_game_2310_Opava-Umana-Reyer-Venezia.html;23/10/2018;Opava;Dom;Q2;02:41;15;Vaclav Bujnoch;defensive rebound;32;Umana Reyer Venezia;6;4;3;0;3;;;;2;;5;;n;;;;;;
18-19_game_2310_Opava-Umana-Reyer-Venezia.html;23/10/2018;Umana Reyer Venezia;Ext;Q2;02:27;9;Austin Daye;defensive rebound;47;Opava;5;3;3;;3;1;;;;1;5;;n;;;;;;
18-19_game_2310_Opava-Umana-Reyer-Venezia.html;23/10/2018;Umana Reyer Venezia;Ext;Q2;01:24;7;Stefano Tonut;defensive rebound;49;Opava;5;4;3;;1;2;;1;1;;5;;n;;;;;;
18-19_game_2310_Opava-Umana-Reyer-Venezia.html;23/10/2018;Opava;Dom;Q2;00:27;15;Vaclav Bujnoch;defensive rebound;36;Umana Reyer Venezia;2;3;2;;2;1;1;;;1;5;;n;;;;;;
18-19_game_2310_Opava-Umana-Reyer-Venezia.html;23/10/2018;Opava;Dom;Q3;08:36;14;Martin Gniadek;defensive rebound;36;Umana Reyer Venezia;1;3;1;;1;;;;3;1;5;;n;;;;;;
18-19_game_2310_Opava-Umana-Reyer-Venezia.html;23/10/2018;Opava;Dom;Q3;08:11;4;Rostislav Dragoun;offensive rebound;36;Umana Reyer Venezia;3;3;3;;1;;1;;;1;3;0;;;;;;;
18-19_game_2310_Opava-Umana-Reyer-Venezia.html;23/10/2018;Umana Reyer Venezia;Ext;Q3;08:03;14;Gasper Vidmar;defensive rebound;56;Opava;6;4;2;;2;;;1;1;1;5;;n;;;;;;
18-19_game_2310_Opava-Umana-Reyer-Venezia.html;23/10/2018;Opava;Dom;Q3;07:09;14;Martin Gniadek;defensive rebound;39;Umana Reyer Venezia;3;3;3;;3;;1;;;1;5;;o;0;;;;;
18-19_game_2310_Opava-Umana-Reyer-Venezia.html;23/10/2018;Opava;Dom;Q3;06:33;24;Jakub Sirina;defensive rebound;39;Umana Reyer Venezia;6;4;1;;1;1;;;1;1;4;;n;;;;;;
18-19_game_2310_Opava-Umana-Reyer-Venezia.html;23/10/2018;Umana Reyer Venezia;Ext;Q3;06:26;9;Austin Daye;defensive rebound;58;Opava;1;3;3;;2;;;;;1;3;;n;;;;;;
18-19_game_2310_Opava-Umana-Reyer-Venezia.html;23/10/2018;Opava;Dom;Q3;04:55;21;Radovan Kouril;defensive rebound;43;Umana Reyer Venezia;1;4;2;;2;;1;;1;1;5;;n;;;;;;
18-19_game_2310_Opava-Umana-Reyer-Venezia.html;23/10/2018;Opava;Dom;Q3;04:13;8;Jan Svandrlik;defensive rebound;45;Umana Reyer Venezia;3;4;3;;3;1;;;;1;5;;o;2;;;;;
18-19_game_2310_Opava-Umana-Reyer-Venezia.html;23/10/2018;Opava;Dom;Q3;03:08;15;Vaclav Bujnoch;defensive rebound;47;Umana Reyer Venezia;3;4;3;;2;1;1;;;1;5;;n;;;;;;
18-19_game_2310_Opava-Umana-Reyer-Venezia.html;23/10/2018;Umana Reyer Venezia;Ext;Q3;01:32;7;Stefano Tonut;defensive rebound;66;Opava;3;4;3;;3;;;;1;1;5;;o;3;;;;;
18-19_game_2310_Opava-Umana-Reyer-Venezia.html;23/10/2018;Opava;Dom;Q3;01:03;12;Miroslav Kvapil;offensive rebound;49;Umana Reyer Venezia;6;4;3;;4;;;;;1;5;3;;;;;;;
18-19_game_2310_Opava-Umana-Reyer-Venezia.html;23/10/2018;Opava;Dom;Q3;00:36;23;Ludek Jurecka;defensive rebound;52;Umana Reyer Venezia;5;4;2;;2;1;;;2;;5;;o;0;;;;;
18-19_game_2310_Opava-Umana-Reyer-Venezia.html;23/10/2018;Umana Reyer Venezia;Ext;Q3;00:01;10;Andrea De Nicolao;offensive rebound;70;Opava;5;4;4;;4;;;;;1;5;0;;;;;;;
18-19_game_2310_Opava-Umana-Reyer-Venezia.html;23/10/2018;Umana Reyer Venezia;Ext;Q4;09:42;9;Austin Daye;defensive rebound;70;Opava;1;5;4;;4;;;;;1;5;;o;0;;;;;
18-19_game_2310_Opava-Umana-Reyer-Venezia.html;23/10/2018;Opava;Dom;Q4;09:33;15;Vaclav Bujnoch;defensive rebound;52;Umana Reyer Venezia;1;3;2;1;1;1;;1;;1;5;;n;;;;;;
18-19_game_2310_Opava-Umana-Reyer-Venezia.html;23/10/2018;Opava;Dom;Q4;09:10;12;Miroslav Kvapil;defensive rebound;52;Umana Reyer Venezia;4;3;1;;1;;;1;1;2;5;;n;;;;;;
18-19_game_2310_Opava-Umana-Reyer-Venezia.html;23/10/2018;Opava;Dom;Q4;08:31;23;Ludek Jurecka;defensive rebound;55;Umana Reyer Venezia;5;3;2;;2;;;;1;2;5;;o;2;;;;;
18-19_game_2310_Opava-Umana-Reyer-Venezia.html;23/10/2018;Opava;Dom;Q4;06:55;15;Vaclav Bujnoch;offensive rebound;61;Umana Reyer Venezia;3;3;2;;2;;1;;;2;5;0;;;;;;;
18-19_game_2310_Opava-Umana-Reyer-Venezia.html;23/10/2018;Umana Reyer Venezia;Ext;Q4;06:46;9;Austin Daye;defensive rebound;76;Opava;5;4;2;;1;1;;;2;1;5;;n;;;;;;
18-19_game_2310_Opava-Umana-Reyer-Venezia.html;23/10/2018;Umana Reyer Venezia;Ext;Q4;06:24;0;MarQuez Haynes;offensive rebound;76;Opava;3;4;2;;1;1;1;;1;1;5;2;;;;;;;
18-19_game_2310_Opava-Umana-Reyer-Venezia.html;23/10/2018;Umana Reyer Venezia;Ext;Q4;05:41;6;Michael Bramos;offensive rebound;78;Opava;4;4;1;;;1;;2;1;1;5;1;;;;;;;
18-19_game_2310_Opava-Umana-Reyer-Venezia.html;23/10/2018;Opava;Dom;Q4;04:51;4;Rostislav Dragoun;defensive rebound;63;Umana Reyer Venezia;5;3;0;;;1;;;;4;5;;n;;;;;;
18-19_game_2310_Opava-Umana-Reyer-Venezia.html;23/10/2018;Umana Reyer Venezia;Ext;Q4;04:37;9;Austin Daye;defensive rebound;79;Opava;3;4;4;;3;1;;;1;;5;;n;;;;;;
18-19_game_2310_Opava-Umana-Reyer-Venezia.html;23/10/2018;Opava;Dom;Q4;04:07;15;Vaclav Bujnoch;offensive rebound;63;Umana Reyer Venezia;2;4;3;;3;1;;;;1;5;0;;;;;;;
18-19_game_2310_Opava-Umana-Reyer-Venezia.html;23/10/2018;Opava;Dom;Q4;03:53;8;Jan Svandrlik;offensive rebound;63;Umana Reyer Venezia;2;4;3;;3;2;;;;;5;0;;;;;;;
18-19_game_2310_Opava-Umana-Reyer-Venezia.html;23/10/2018;Umana Reyer Venezia;Ext;Q4;03:42;50;Mitchell Watt;defensive rebound;82;Opava;1;4;3;;3;1;;1;;;5;;n;;;;;;
18-19_game_2310_Opava-Umana-Reyer-Venezia.html;23/10/2018;Umana Reyer Venezia;Ext;Q4;03:25;7;Stefano Tonut;offensive rebound;82;Opava;6;4;2;;1;1;;;1;2;5;0;;;;;;;
18-19_game_2310_Opava-Umana-Reyer-Venezia.html;23/10/2018;Opava;Dom;Q4;03:12;33;Jakub SlavÃ­k;offensive rebound;63;Umana Reyer Venezia;1;2;2;1;2;;;;1;1;5;2;;;;;;;
18-19_game_2310_Opava-Umana-Reyer-Venezia.html;23/10/2018;Umana Reyer Venezia;Ext;Q4;02:42;22;Valerio Mazzola;offensive rebound;82;Opava;3;4;3;;3;;;1;1;;5;0;;;;;;;
18-19_game_2310_Opava-Umana-Reyer-Venezia.html;23/10/2018;Umana Reyer Venezia;Ext;Q4;02:39;50;Mitchell Watt;offensive rebound;82;Opava;1;5;3;;3;;;;;2;5;0;;;;;;;
18-19_game_2310_Opava-Umana-Reyer-Venezia.html;23/10/2018;Umana Reyer Venezia;Ext;Q4;02:33;21;Marco Giuri;offensive rebound;82;Opava;1;4;3;;4;;;;;1;5;0;;;;;;;
18-19_game_2310_Opava-Umana-Reyer-Venezia.html;23/10/2018;Umana Reyer Venezia;Ext;Q4;02:26;77;Tomas Kyzlink;offensive rebound;82;Opava;4;4;2;;2;1;;;1;1;5;0;;;;;;;
18-19_game_2310_Opava-Umana-Reyer-Venezia.html;23/10/2018;Umana Reyer Venezia;Ext;Q4;02:23;50;Mitchell Watt;offensive rebound;82;Opava;1;4;2;;2;1;;;1;1;5;2;;;;;;;
18-19_game_2310_Opava-Umana-Reyer-Venezia.html;23/10/2018;Umana Reyer Venezia;Ext;Q4;00:52;21;Marco Giuri;defensive rebound;88;Opava;1;2;1;;3;2;;;;;5;;o;2;;;;;
18-19_game_2310_Opava-Umana-Reyer-Venezia.html;23/10/2018;Umana Reyer Venezia;Ext;Q4;00:30;22;Valerio Mazzola;defensive rebound;90;Opava;2;3;2;;2;1;;;1;1;5;;n;;;;;;
18-19_game_2310_Opava-Umana-Reyer-Venezia.html;23/10/2018;Opava;Dom;Q4;00:14;15;Vaclav Bujnoch;defensive rebound;72;Umana Reyer Venezia;3;3;1;1;2;1;;;;1;5;;n;;;;;;
18-19_game_2310_Sidigas-Avellino-Anwil.html;23/10/2018;Anwil;Ext;Q1;09:34;11;Valerii Likhodei;defensive rebound;0;Sidigas Avellino;3;4;3;0;2;1;1;0;0;1;5;;n;;;;;;
18-19_game_2310_Sidigas-Avellino-Anwil.html;23/10/2018;Anwil;Ext;Q1;08:18;31;Mateusz Kostrzewski;defensive rebound;4;Sidigas Avellino;1;4;1;0;1;1;0;1;1;1;5;;n;;;;;;
18-19_game_2310_Sidigas-Avellino-Anwil.html;23/10/2018;Anwil;Ext;Q1;07:09;31;Mateusz Kostrzewski;offensive rebound;8;Sidigas Avellino;1;3;3;0;3;1;0;0;0;1;5;2;;;;;;;
18-19_game_2310_Sidigas-Avellino-Anwil.html;23/10/2018;Sidigas Avellino;Dom;Q1;06:15;10;Matt Costello;offensive rebound;9;Anwil;5;2;1;0;2;1;0;0;1;1;5;3;;;;;;;
18-19_game_2310_Sidigas-Avellino-Anwil.html;23/10/2018;Sidigas Avellino;Dom;Q1;05:40;30;Norris Cole;defensive rebound;12;Anwil;5;3;3;0;3;0;0;1;0;1;5;;o;2;;;;;
18-19_game_2310_Sidigas-Avellino-Anwil.html;23/10/2018;Sidigas Avellino;Dom;Q1;05:18;10;Matt Costello;defensive rebound;14;Anwil;1;3;3;0;3;0;1;1;0;0;5;;o;2;;;;;
18-19_game_2310_Sidigas-Avellino-Anwil.html;23/10/2018;Sidigas Avellino;Dom;Q1;04:50;55;Hamady Ndiaye;defensive rebound;16;Anwil;1;3;1;0;2;0;0;0;2;1;5;;n;;;;;;
18-19_game_2310_Sidigas-Avellino-Anwil.html;23/10/2018;Anwil;Ext;Q1;04:38;31;Mateusz Kostrzewski;defensive rebound;12;Sidigas Avellino;3;3;2;0;2;0;1;0;0;2;5;;n;;;;;;
18-19_game_2310_Sidigas-Avellino-Anwil.html;23/10/2018;Sidigas Avellino;Dom;Q1;04:16;30;Norris Cole;defensive rebound;16;Anwil;6;4;3;0;2;1;0;0;0;2;5;;o;2;;;;;
18-19_game_2310_Sidigas-Avellino-Anwil.html;23/10/2018;Anwil;Ext;Q1;03:10;15;Jaroslaw Zyskowski;offensive rebound;12;Sidigas Avellino;6;2;1;0;1;0;0;2;0;2;5;2;;;;;;;
18-19_game_2310_Sidigas-Avellino-Anwil.html;23/10/2018;Anwil;Ext;Q1;02:57;15;Jaroslaw Zyskowski;defensive rebound;14;Sidigas Avellino;3;3;2;0;2;1;1;0;0;1;5;;n;;;;;;
18-19_game_2310_Sidigas-Avellino-Anwil.html;23/10/2018;Sidigas Avellino;Dom;Q1;02:46;8;Demetris Nichols;defensive rebound;21;Anwil;;;;;;;;;;;;;;;;;;;
18-19_game_2310_Sidigas-Avellino-Anwil.html;23/10/2018;Sidigas Avellino;Dom;Q1;02:23;8;Demetris Nichols;defensive rebound;23;Anwil;;;;;;;;;;;;;;;;;;;
18-19_game_2310_Sidigas-Avellino-Anwil.html;23/10/2018;Sidigas Avellino;Dom;Q1;02:08;34;Stefano Spizzichini;offensive rebound;23;Anwil;2;2;1;0;1;1;1;0;0;2;5;0;;;;;;;
18-19_game_2310_Sidigas-Avellino-Anwil.html;23/10/2018;Anwil;Ext;Q1;01:20;23;Michal Michalak;offensive rebound;19;Sidigas Avellino;6;3;1;0;1;1;0;0;1;2;5;2;;;;;;;
18-19_game_2310_Sidigas-Avellino-Anwil.html;23/10/2018;Sidigas Avellino;Dom;Q1;01:18;8;Demetris Nichols;defensive rebound;25;Anwil;;;;;;;;;;;;;;;;;;;
18-19_game_2310_Sidigas-Avellino-Anwil.html;23/10/2018;Anwil;Ext;Q1;00:59;3;Chase Simon;defensive rebound;21;Sidigas Avellino;3;3;2;0;2;0;1;0;1;1;5;;o;2;;;;;
18-19_game_2310_Sidigas-Avellino-Anwil.html;23/10/2018;Anwil;Ext;Q1;00:00;8;Igor Wadowski;defensive rebound;26;Sidigas Avellino;;;;;;;;;;;;;;;;;;;
18-19_game_2310_Sidigas-Avellino-Anwil.html;23/10/2018;Sidigas Avellino;Dom;Q2;08:30;55;Hamady Ndiaye;offensive rebound;32;Anwil;2;4;2;0;1;1;0;0;2;1;5;0;;;;;;;
18-19_game_2310_Sidigas-Avellino-Anwil.html;23/10/2018;Anwil;Ext;Q2;07:18;33;Szymon Szewczyk;offensive rebound;36;Sidigas Avellino;1;1;2;0;2;1;1;0;0;1;5;2;;;;;;;
18-19_game_2310_Sidigas-Avellino-Anwil.html;23/10/2018;Sidigas Avellino;Dom;Q2;06:05;28;Keifer Sykes;defensive rebound;38;Anwil;5;3;2;0;1;1;0;0;2;1;5;;n;;;;;;
18-19_game_2310_Sidigas-Avellino-Anwil.html;23/10/2018;Sidigas Avellino;Dom;Q2;05:24;12;Ariel Filloy;offensive rebound;40;Anwil;5;3;2;0;2;0;0;0;2;1;5;0;;;;;;;
18-19_game_2310_Sidigas-Avellino-Anwil.html;23/10/2018;Anwil;Ext;Q2;04:57;11;Valerii Likhodei;defensive rebound;40;Sidigas Avellino;5;3;2;0;2;1;1;0;0;1;5;;n;;;;;;
18-19_game_2310_Sidigas-Avellino-Anwil.html;23/10/2018;Sidigas Avellino;Dom;Q2;03:59;28;Keifer Sykes;defensive rebound;42;Anwil;1;2;1;1;1;1;0;1;0;1;5;;;;;;;;
18-19_game_2310_Sidigas-Avellino-Anwil.html;23/10/2018;Anwil;Ext;Q2;03:47;3;Chase Simon;defensive rebound;42;Sidigas Avellino;3;3;2;0;3;0;1;0;0;1;5;;n;;;;;;
18-19_game_2310_Sidigas-Avellino-Anwil.html;23/10/2018;Anwil;Ext;Q2;01:45;15;Jaroslaw Zyskowski;offensive rebound;49;Sidigas Avellino;5;4;4;0;4;0;0;0;0;1;5;0;;;;;;;
18-19_game_2310_Sidigas-Avellino-Anwil.html;23/10/2018;Sidigas Avellino;Dom;Q2;01:31;6;Caleb Green;defensive rebound;48;Anwil;3;3;2;0;2;0;1;1;0;1;5;;o;0;;;;;
18-19_game_2310_Sidigas-Avellino-Anwil.html;23/10/2018;Anwil;Ext;Q2;01:24;23;Michal Michalak;defensive rebound;49;Sidigas Avellino;5;3;1;0;1;1;0;0;1;2;5;;n;;;;;;
18-19_game_2310_Sidigas-Avellino-Anwil.html;23/10/2018;Anwil;Ext;Q2;00:45;11;Valerii Likhodei;defensive rebound;49;Sidigas Avellino;1;4;2;0;2;0;0;1;1;1;5;;n;;;;;;
18-19_game_2310_Sidigas-Avellino-Anwil.html;23/10/2018;Sidigas Avellino;Dom;Q2;00:30;6;Caleb Green;defensive rebound;48;Anwil;3;3;2;0;3;1;0;0;0;1;5;;n;;;;;;
18-19_game_2310_Sidigas-Avellino-Anwil.html;23/10/2018;Anwil;Ext;Q3;09:41;15;Jaroslaw Zyskowski;defensive rebound;49;Sidigas Avellino;5;2;2;0;2;1;0;0;0;2;5;;o;2;;;;;
18-19_game_2310_Sidigas-Avellino-Anwil.html;23/10/2018;Anwil;Ext;Q3;07:56;13;Josip Sobin;defensive rebound;54;Sidigas Avellino;3;3;2;0;2;0;1;0;0;2;5;;n;;;;;;
18-19_game_2310_Sidigas-Avellino-Anwil.html;23/10/2018;Sidigas Avellino;Dom;Q3;07:35;8;Demetris Nichols;defensive rebound;56;Anwil;1;5;1;0;2;1;0;0;0;2;5;;o;2;;;;;
18-19_game_2310_Sidigas-Avellino-Anwil.html;23/10/2018;Sidigas Avellino;Dom;Q3;06:26;10;Matt Costello;offensive rebound;60;Anwil;3;3;2;0;2;1;0;0;0;2;5;0;;;;;;;
18-19_game_2310_Sidigas-Avellino-Anwil.html;23/10/2018;Sidigas Avellino;Dom;Q3;05:51;10;Matt Costello;offensive rebound;60;Anwil;1;3;2;0;2;0;1;0;0;2;5;2;;;;;;;
18-19_game_2310_Sidigas-Avellino-Anwil.html;23/10/2018;Anwil;Ext;Q3;05:49;23;Michal Michalak;defensive rebound;60;Sidigas Avellino;;;;;;;;;;;;;;;;;;;
18-19_game_2310_Sidigas-Avellino-Anwil.html;23/10/2018;Sidigas Avellino;Dom;Q3;05:26;6;Caleb Green;defensive rebound;62;Anwil;5;4;4;0;4;0;0;0;0;1;5;;o;2;;;;;
18-19_game_2310_Sidigas-Avellino-Anwil.html;23/10/2018;Sidigas Avellino;Dom;Q3;04:45;8;Demetris Nichols;offensive rebound;64;Anwil;3;3;3;0;3;0;1;0;0;1;5;0;;;;;;;
18-19_game_2310_Sidigas-Avellino-Anwil.html;23/10/2018;Sidigas Avellino;Dom;Q3;03:19;30;Norris Cole;defensive rebound;67;Anwil;5;3;3;0;2;1;0;0;1;1;5;;n;;;;;;
18-19_game_2310_Sidigas-Avellino-Anwil.html;23/10/2018;Sidigas Avellino;Dom;Q3;03:08;55;Hamady Ndiaye;offensive rebound;67;Anwil;1;2;1;0;1;0;2;0;0;2;5;3;;;;;;;
18-19_game_2310_Sidigas-Avellino-Anwil.html;23/10/2018;Anwil;Ext;Q3;02:06;3;Chase Simon;defensive rebound;69;Sidigas Avellino;6;3;2;0;2;1;0;0;1;1;5;;n;;;;;;
18-19_game_2310_Sidigas-Avellino-Anwil.html;23/10/2018;Sidigas Avellino;Dom;Q3;01:51;55;Hamady Ndiaye;defensive rebound;73;Anwil;6;4;2;0;1;1;1;0;0;2;5;;n;;;;;;
18-19_game_2310_Sidigas-Avellino-Anwil.html;23/10/2018;Anwil;Ext;Q3;01:25;23;Michal Michalak;offensive rebound;69;Sidigas Avellino;3;4;3;0;3;0;1;0;0;1;5;3;;;;;;;
18-19_game_2310_Sidigas-Avellino-Anwil.html;23/10/2018;Anwil;Ext;Q3;00:33;23;Michal Michalak;offensive rebound;72;Sidigas Avellino;5;3;2;0;2;1;0;1;0;1;5;1;;;;;;;
18-19_game_2310_Sidigas-Avellino-Anwil.html;23/10/2018;Anwil;Ext;Q3;00:09;3;Chase Simon;defensive rebound;73;Sidigas Avellino;5;4;2;0;1;1;0;1;0;2;5;;o;0;;;;;
18-19_game_2310_Sidigas-Avellino-Anwil.html;23/10/2018;Anwil;Ext;Q3;00:00;31;Mateusz Kostrzewski;defensive rebound;73;Sidigas Avellino;;;;;;;;;;;;;;;;;;;
18-19_game_2310_Sidigas-Avellino-Anwil.html;23/10/2018;Sidigas Avellino;Dom;Q4;09:48;10;Matt Costello;defensive rebound;75;Anwil;2;5;4;0;3;1;0;1;0;0;5;;n;;;;;;
18-19_game_2310_Sidigas-Avellino-Anwil.html;23/10/2018;Anwil;Ext;Q4;09:24;15;Jaroslaw Zyskowski;defensive rebound;73;Sidigas Avellino;5;4;1;0;1;1;0;0;1;2;5;;n;;;;;;
18-19_game_2310_Sidigas-Avellino-Anwil.html;23/10/2018;Anwil;Ext;Q4;08:44;3;Chase Simon;defensive rebound;75;Sidigas Avellino;3;3;1;1;1;0;2;0;0;1;5;;n;;;;;;
18-19_game_2310_Sidigas-Avellino-Anwil.html;23/10/2018;Sidigas Avellino;Dom;Q4;08:10;10;Matt Costello;offensive rebound;75;Anwil;6;3;2;0;2;0;0;0;1;2;5;0;;;;;;;
18-19_game_2310_Sidigas-Avellino-Anwil.html;23/10/2018;Anwil;Ext;Q4;07:57;31;Mateusz Kostrzewski;defensive rebound;77;Sidigas Avellino;5;4;2;0;2;1;0;0;0;2;5;;n;;;;;;
18-19_game_2310_Sidigas-Avellino-Anwil.html;23/10/2018;Sidigas Avellino;Dom;Q4;07:41;30;Norris Cole;defensive rebound;75;Anwil;5;3;2;0;2;1;0;0;1;1;5;;o;3;;;;;
18-19_game_2310_Sidigas-Avellino-Anwil.html;23/10/2018;Sidigas Avellino;Dom;Q4;07:07;28;Keifer Sykes;defensive rebound;78;Anwil;1;4;2;0;2;0;1;1;0;1;5;;n;;;;;;
18-19_game_2310_Sidigas-Avellino-Anwil.html;23/10/2018;Anwil;Ext;Q4;06:46;15;Jaroslaw Zyskowski;defensive rebound;77;Sidigas Avellino;1;3;1;0;2;1;0;0;1;1;5;;n;;;;;;
18-19_game_2310_Sidigas-Avellino-Anwil.html;23/10/2018;Sidigas Avellino;Dom;Q4;06:09;30;Norris Cole;defensive rebound;78;Anwil;1;3;1;0;1;1;1;1;0;1;5;;n;;;;;;
18-19_game_2310_Sidigas-Avellino-Anwil.html;23/10/2018;Anwil;Ext;Q4;05:55;3;Chase Simon;defensive rebound;80;Sidigas Avellino;5;3;2;0;2;0;0;0;0;3;5;;n;;;;;;
18-19_game_2310_Sidigas-Avellino-Anwil.html;23/10/2018;Anwil;Ext;Q4;05:12;15;Jaroslaw Zyskowski;offensive rebound;82;Sidigas Avellino;5;3;2;0;2;1;0;1;1;0;5;0;;;;;;;
18-19_game_2310_Sidigas-Avellino-Anwil.html;23/10/2018;Sidigas Avellino;Dom;Q4;05:07;6;Caleb Green;defensive rebound;81;Anwil;5;4;4;0;3;1;0;0;1;0;5;;o;2;;;;;
18-19_game_2310_Sidigas-Avellino-Anwil.html;23/10/2018;Anwil;Ext;Q4;04:35;3;Chase Simon;offensive rebound;82;Sidigas Avellino;5;4;3;0;3;0;0;0;0;2;5;2;;;;;;;
18-19_game_2310_Sidigas-Avellino-Anwil.html;23/10/2018;Sidigas Avellino;Dom;Q4;03:56;6;Caleb Green;defensive rebound;85;Anwil;1;3;2;0;2;1;0;0;0;2;5;;o;0;;;;;
18-19_game_2310_Sidigas-Avellino-Anwil.html;23/10/2018;Sidigas Avellino;Dom;Q4;03:49;10;Matt Costello;offensive rebound;85;Anwil;1;3;2;0;2;0;2;0;0;1;5;2;;;;;;;
18-19_game_2310_Sidigas-Avellino-Anwil.html;23/10/2018;Sidigas Avellino;Dom;Q4;02:47;10;Matt Costello;offensive rebound;87;Anwil;5;3;2;0;2;0;0;0;0;3;5;0;;;;;;;
18-19_game_2310_Sidigas-Avellino-Anwil.html;23/10/2018;Sidigas Avellino;Dom;Q4;02:34;6;Caleb Green;offensive rebound;87;Anwil;3;3;2;0;2;1;1;0;0;1;5;2;;;;;;;
18-19_game_2310_Sidigas-Avellino-Anwil.html;23/10/2018;Anwil;Ext;Q4;01:47;33;Szymon Szewczyk;defensive rebound;86;Sidigas Avellino;1;2;1;0;2;1;0;0;1;1;5;;n;;;;;;
18-19_game_2310_Sidigas-Avellino-Anwil.html;23/10/2018;Anwil;Ext;Q4;00:22;23;Michal Michalak;defensive rebound;92;Sidigas Avellino;2;2;1;0;1;2;1;0;0;1;5;;n;;;;;;
18-19_game_2310_Sidigas-Avellino-Anwil.html;23/10/2018;Sidigas Avellino;Dom;Q4;00:07;8;Demetris Nichols;offensive rebound;91;Anwil;1;3;1;0;1;1;1;0;1;1;5;2;;;;;;;
18-19_game_2310_Sidigas-Avellino-Anwil.html;23/10/2018;Sidigas Avellino;Dom;ZOT1;04:46;10;Matt Costello;offensive rebound;94;Anwil;6;4;3;0;2;2;0;0;0;1;5;2;;;;;;;
18-19_game_2310_Sidigas-Avellino-Anwil.html;23/10/2018;Sidigas Avellino;Dom;ZOT1;04:28;30;Norris Cole;defensive rebound;96;Anwil;1;4;2;0;2;0;1;0;1;1;5;;n;;;;;;
18-19_game_2310_Sidigas-Avellino-Anwil.html;23/10/2018;Anwil;Ext;ZOT1;04:19;11;Valerii Likhodei;defensive rebound;94;Sidigas Avellino;3;3;2;0;2;0;1;0;0;2;5;;n;;;;;;
18-19_game_2310_Sidigas-Avellino-Anwil.html;23/10/2018;Anwil;Ext;ZOT1;03:56;11;Valerii Likhodei;offensive rebound;94;Sidigas Avellino;6;4;4;0;3;1;0;0;0;1;5;2;;;;;;;
18-19_game_2310_Sidigas-Avellino-Anwil.html;23/10/2018;Sidigas Avellino;Dom;ZOT1;03:31;8;Demetris Nichols;offensive rebound;96;Anwil;6;3;2;0;2;1;0;0;0;2;5;0;;;;;;;
18-19_game_2310_Sidigas-Avellino-Anwil.html;23/10/2018;Anwil;Ext;ZOT1;03:14;31;Mateusz Kostrzewski;defensive rebound;96;Sidigas Avellino;4;3;2;0;2;1;0;0;0;2;5;;n;;;;;;
18-19_game_2310_Sidigas-Avellino-Anwil.html;23/10/2018;Sidigas Avellino;Dom;ZOT1;02:56;8;Demetris Nichols;defensive rebound;96;Anwil;5;2;2;0;3;1;0;0;0;1;5;;n;;;;;;
18-19_game_2310_Sidigas-Avellino-Anwil.html;23/10/2018;Anwil;Ext;ZOT1;02:29;9;Kamil  Laczynski;defensive rebound;96;Sidigas Avellino;5;3;1;0;1;1;0;1;0;2;5;;n;;;;;;
18-19_game_2310_Sidigas-Avellino-Anwil.html;23/10/2018;Sidigas Avellino;Dom;ZOT1;02:11;8;Demetris Nichols;defensive rebound;96;Anwil;;;;;;;;;;;;;;;;;;;
18-19_game_2310_Sidigas-Avellino-Anwil.html;23/10/2018;Anwil;Ext;ZOT1;01:31;9;Kamil  Laczynski;defensive rebound;98;Sidigas Avellino;;;;;;;;;;;;;;;;;;;
18-19_game_2310_Sidigas-Avellino-Anwil.html;23/10/2018;Sidigas Avellino;Dom;ZOT1;01:21;28;Keifer Sykes;defensive rebound;101;Anwil;5;3;2;0;2;1;0;0;0;2;5;;n;;;;;;
18-19_game_2310_Sidigas-Avellino-Anwil.html;23/10/2018;Sidigas Avellino;Dom;ZOT1;00:59;10;Matt Costello;offensive rebound;101;Anwil;1;1;1;1;1;0;0;0;0;3;5;2;;;;;;;
18-19_game_2310_Sidigas-Avellino-Anwil.html;23/10/2018;Sidigas Avellino;Dom;ZOT1;00:45;55;Hamady Ndiaye;defensive rebound;103;Anwil;;;;;;;;;;;;;;;;;;;
18-19_game_2310_Sidigas-Avellino-Anwil.html;23/10/2018;Sidigas Avellino;Dom;ZOT1;00:20;55;Hamady Ndiaye;offensive rebound;103;Anwil;3;3;2;0;2;0;2;0;0;1;5;0;;;;;;;
18-19_game_2310_Sidigas-Avellino-Anwil.html;23/10/2018;Anwil;Ext;ZOT1;00:10;9;Kamil  Laczynski;offensive rebound;99;Sidigas Avellino;5;4;3;0;3;0;0;1;1;0;5;0;;;;;;;
18-19_game_2310_Sidigas-Avellino-Anwil.html;23/10/2018;Sidigas Avellino;Dom;ZOT1;00:06;30;Norris Cole;defensive rebound;103;Anwil;;;;;;;;;;;;;;;;;;;
18-19_game_2310_Telekom-Baskets-Bonn-Nanterre-92.html;23/10/2018;Telekom Baskets Bonn;Dom;Q1;09:22;13;Yorman Bartolo;defensive rebound;2;Nanterre 92;2;4;2;;3;;;1;;1;5;;o;0;;;;;
18-19_game_2310_Telekom-Baskets-Bonn-Nanterre-92.html;23/10/2018;Nanterre 92;Ext;Q1;08:59;30;Jeremy Senglin;defensive rebound;0;Telekom Baskets Bonn;4;3;1;;1;1;;1;1;1;5;;n;;;;;;
18-19_game_2310_Telekom-Baskets-Bonn-Nanterre-92.html;23/10/2018;Nanterre 92;Ext;Q1;08:36;13;Haukur Palsson;offensive rebound;0;Telekom Baskets Bonn;5;3;1;;2;;;;;3;5;0;;;;;;;
18-19_game_2310_Telekom-Baskets-Bonn-Nanterre-92.html;23/10/2018;Telekom Baskets Bonn;Dom;Q1;08:23;15;James Webb III;defensive rebound;2;Nanterre 92;5;3;2;;2;;1;;;2;5;;n;;;;;;
18-19_game_2310_Telekom-Baskets-Bonn-Nanterre-92.html;23/10/2018;Telekom Baskets Bonn;Dom;Q1;07:34;14;Joshua Mayo;defensive rebound;5;Nanterre 92;4;3;1;;1;1;;;;3;5;;o;0;;;;;
18-19_game_2310_Telekom-Baskets-Bonn-Nanterre-92.html;23/10/2018;Nanterre 92;Ext;Q1;07:17;5;Lahaou Konate;defensive rebound;0;Telekom Baskets Bonn;5;4;0;;;1;;1;1;2;5;;n;;;;;;
18-19_game_2310_Telekom-Baskets-Bonn-Nanterre-92.html;23/10/2018;Telekom Baskets Bonn;Dom;Q1;06:26;10;Charles Jackson;defensive rebound;7;Nanterre 92;3;4;2;;2;1;1;;;1;5;;n;;;;;;
18-19_game_2310_Telekom-Baskets-Bonn-Nanterre-92.html;23/10/2018;Nanterre 92;Ext;Q1;06:17;30;Jeremy Senglin;defensive rebound;0;Telekom Baskets Bonn;4;4;1;;1;1;;;1;2;5;;o;1;;;;;
18-19_game_2310_Telekom-Baskets-Bonn-Nanterre-92.html;23/10/2018;Nanterre 92;Ext;Q1;05:07;9;Julian Gamble;defensive rebound;1;Telekom Baskets Bonn;1;2;1;;1;1;;;1;2;5;;o;0;;;;;
18-19_game_2310_Telekom-Baskets-Bonn-Nanterre-92.html;23/10/2018;Telekom Baskets Bonn;Dom;Q1;05:01;15;James Webb III;defensive rebound;9;Nanterre 92;1;3;1;1;1;;1;;1;1;5;;o;3;;;;;
18-19_game_2310_Telekom-Baskets-Bonn-Nanterre-92.html;23/10/2018;Nanterre 92;Ext;Q1;04:04;11;Dominic Waters;defensive rebound;3;Telekom Baskets Bonn;5;3;2;;2;;;1;1;1;5;;n;;;;;;
18-19_game_2310_Telekom-Baskets-Bonn-Nanterre-92.html;23/10/2018;Telekom Baskets Bonn;Dom;Q1;03:06;13;Yorman Bartolo;defensive rebound;11;Nanterre 92;5;3;2;;2;;1;;;2;5;;o;0;;;;;
18-19_game_2310_Telekom-Baskets-Bonn-Nanterre-92.html;23/10/2018;Nanterre 92;Ext;Q1;02:57;13;Haukur Palsson;defensive rebound;3;Telekom Baskets Bonn;5;3;3;;2;1;;;1;1;5;;n;;;;;;
18-19_game_2310_Telekom-Baskets-Bonn-Nanterre-92.html;23/10/2018;Nanterre 92;Ext;Q1;01:54;10;Hugo Invernizzi;defensive rebound;4;Telekom Baskets Bonn;3;4;2;;1;1;;1;1;1;5;;n;;;;;;
18-19_game_2310_Telekom-Baskets-Bonn-Nanterre-92.html;23/10/2018;Telekom Baskets Bonn;Dom;Q2;09:45;5;Jarelle Reischel;defensive rebound;17;Nanterre 92;2;3;2;;1;1;1;;;2;5;;n;;;;;;
18-19_game_2310_Telekom-Baskets-Bonn-Nanterre-92.html;23/10/2018;Nanterre 92;Ext;Q2;09:18;10;Hugo Invernizzi;defensive rebound;11;Telekom Baskets Bonn;1;4;3;;;3;;;1;1;5;;o;0;;;;;
18-19_game_2310_Telekom-Baskets-Bonn-Nanterre-92.html;23/10/2018;Telekom Baskets Bonn;Dom;Q2;09:11;14;Joshua Mayo;defensive rebound;17;Nanterre 92;5;3;2;;2;1;;;1;1;5;;o;0;;;;;
18-19_game_2310_Telekom-Baskets-Bonn-Nanterre-92.html;23/10/2018;Nanterre 92;Ext;Q2;08:39;9;Julian Gamble;defensive rebound;13;Telekom Baskets Bonn;1;3;1;;1;;1;;2;1;5;;n;;;;;;
18-19_game_2310_Telekom-Baskets-Bonn-Nanterre-92.html;23/10/2018;Telekom Baskets Bonn;Dom;Q2;08:30;16;Julian Jasinski;defensive rebound;17;Nanterre 92;3;3;1;;1;;1;;1;2;5;;n;;;;;;
18-19_game_2310_Telekom-Baskets-Bonn-Nanterre-92.html;23/10/2018;Nanterre 92;Ext;Q2;08:21;9;Julian Gamble;defensive rebound;13;Telekom Baskets Bonn;1;2;1;;1;1;;;1;2;5;;n;;;;;;
18-19_game_2310_Telekom-Baskets-Bonn-Nanterre-92.html;23/10/2018;Nanterre 92;Ext;Q2;08:04;9;Julian Gamble;offensive rebound;13;Telekom Baskets Bonn;3;3;3;;3;1;1;;;;5;2;;;;;;;
18-19_game_2310_Telekom-Baskets-Bonn-Nanterre-92.html;23/10/2018;Nanterre 92;Ext;Q2;07:46;9;Julian Gamble;defensive rebound;15;Telekom Baskets Bonn;5;3;2;;2;;;1;;2;5;;n;;;;;;
18-19_game_2310_Telekom-Baskets-Bonn-Nanterre-92.html;23/10/2018;Telekom Baskets Bonn;Dom;Q2;06:40;16;Julian Jasinski;defensive rebound;20;Nanterre 92;1;2;2;;2;  ;;;1;2;5;;o;2;;;;;
18-19_game_2310_Telekom-Baskets-Bonn-Nanterre-92.html;23/10/2018;Telekom Baskets Bonn;Dom;Q2;05:42;10;Charles Jackson;offensive rebound;25;Nanterre 92;1;1;1;;1;;1;;;3;5;2;;;;;;;
18-19_game_2310_Telekom-Baskets-Bonn-Nanterre-92.html;23/10/2018;Telekom Baskets Bonn;Dom;Q2;04:34;10;Charles Jackson;defensive rebound;29;Nanterre 92;6;2;1;;1;1;;1;;2;5;;n;;;;;;
18-19_game_2310_Telekom-Baskets-Bonn-Nanterre-92.html;23/10/2018;Nanterre 92;Ext;Q2;04:25;5;Lahaou Konate;defensive rebound;20;Telekom Baskets Bonn;5;2;1;;1;1;;1;1;1;5;;n;;;;;;
18-19_game_2310_Telekom-Baskets-Bonn-Nanterre-92.html;23/10/2018;Nanterre 92;Ext;Q2;03:50;1;Demetrius Treadwell;defensive rebound;20;Telekom Baskets Bonn;1;2;1;;2;1;1;;;1;5;;;;;;;;
18-19_game_2310_Telekom-Baskets-Bonn-Nanterre-92.html;23/10/2018;Nanterre 92;Ext;Q2;03:30;13;Haukur Palsson;offensive rebound;20;Telekom Baskets Bonn;3;3;2;;2;;1;1;;1;5;0;;;;;;;
18-19_game_2310_Telekom-Baskets-Bonn-Nanterre-92.html;23/10/2018;Telekom Baskets Bonn;Dom;Q2;03:25;14;Joshua Mayo;defensive rebound;29;Nanterre 92;3;4;3;;3;;1;;;1;5;;n;;;;;;
18-19_game_2310_Telekom-Baskets-Bonn-Nanterre-92.html;23/10/2018;Nanterre 92;Ext;Q3;08:26;9;Julian Gamble;defensive rebound;31;Telekom Baskets Bonn;3;2;2;;2;;;;2;1;5;;n;;;;;;
18-19_game_2310_Telekom-Baskets-Bonn-Nanterre-92.html;23/10/2018;Telekom Baskets Bonn;Dom;Q3;07:11;15;James Webb III;defensive rebound;41;Nanterre 92;1;3;1;;1;1;1;;1;1;5;;n;;;;;;
18-19_game_2310_Telekom-Baskets-Bonn-Nanterre-92.html;23/10/2018;Telekom Baskets Bonn;Dom;Q3;04:23;8;Ra'Shad James;defensive rebound;44;Nanterre 92;3;3;2;;2;;1;;1;1;5;;n;;;;;;
18-19_game_2310_Telekom-Baskets-Bonn-Nanterre-92.html;23/10/2018;Nanterre 92;Ext;Q3;01:39;10;Hugo Invernizzi;defensive rebound;49;Telekom Baskets Bonn;1;3;1;;2;;;;1;2;5;;n;;;;;;
18-19_game_2310_Telekom-Baskets-Bonn-Nanterre-92.html;23/10/2018;Nanterre 92;Ext;Q3;00:28;9;Julian Gamble;defensive rebound;52;Telekom Baskets Bonn;6;3;2;;1;1;;1;;2;5;;n;;;;;;
18-19_game_2310_Telekom-Baskets-Bonn-Nanterre-92.html;23/10/2018;Telekom Baskets Bonn;Dom;Q3;00:00;7;Bojan Subotic;offensive rebound;50;Nanterre 92;5;4;2;;2;;;;2;1;5;2;;;;;;;
18-19_game_2310_Telekom-Baskets-Bonn-Nanterre-92.html;23/10/2018;Telekom Baskets Bonn;Dom;Q4;09:30;15;James Webb III;offensive rebound;50;Nanterre 92;3;3;3;;3;;1;;;1;5;2;;;;;;;
18-19_game_2310_Telekom-Baskets-Bonn-Nanterre-92.html;23/10/2018;Nanterre 92;Ext;Q4;08:44;11;Dominic Waters;defensive rebound;56;Telekom Baskets Bonn;5;4;3;;2;2;;;1;;5;;o;0;;;;;
18-19_game_2310_Telekom-Baskets-Bonn-Nanterre-92.html;23/10/2018;Telekom Baskets Bonn;Dom;Q4;08:36;7;Bojan Subotic;defensive rebound;52;Nanterre 92;3;3;2;;3;;1;;;1;5;;n;;;;;;
18-19_game_2310_Telekom-Baskets-Bonn-Nanterre-92.html;23/10/2018;Nanterre 92;Ext;Q4;08:15;5;Lahaou Konate;defensive rebound;56;Telekom Baskets Bonn;5;4;2;;;2;;;1;2;5;;n;;;;;;
18-19_game_2310_Telekom-Baskets-Bonn-Nanterre-92.html;23/10/2018;Nanterre 92;Ext;Q4;07:54;11;Dominic Waters;offensive rebound;56;Telekom Baskets Bonn;1;3;2;;2;;1;;1;1;5;0;;;;;;;
18-19_game_2310_Telekom-Baskets-Bonn-Nanterre-92.html;23/10/2018;Telekom Baskets Bonn;Dom;Q4;07:49;8;Ra'Shad James;defensive rebound;52;Nanterre 92;5;4;1;;1;;1;;;3;5;;o;0;;;;;
18-19_game_2310_Telekom-Baskets-Bonn-Nanterre-92.html;23/10/2018;Nanterre 92;Ext;Q4;07:45;10;Hugo Invernizzi;defensive rebound;58;Telekom Baskets Bonn;4;3;1;;1;1;;2;;1;5;;n;;;;;;
18-19_game_2310_Telekom-Baskets-Bonn-Nanterre-92.html;23/10/2018;Telekom Baskets Bonn;Dom;Q4;07:38;15;James Webb III;defensive rebound;52;Nanterre 92;4;4;2;;2;1;;1;;1;5;;n;;;;;;
18-19_game_2310_Telekom-Baskets-Bonn-Nanterre-92.html;23/10/2018;Nanterre 92;Ext;Q4;07:21;13;Haukur Palsson;defensive rebound;58;Telekom Baskets Bonn;5;2;1;;1;1;;1;;2;5;;n;;;;;;
18-19_game_2310_Telekom-Baskets-Bonn-Nanterre-92.html;23/10/2018;Telekom Baskets Bonn;Dom;Q4;05:20;13;Yorman Bartolo;offensive rebound;54;Nanterre 92;5;4;3;;2;1;;;;2;5;0;;;;;;;
18-19_game_2310_Telekom-Baskets-Bonn-Nanterre-92.html;23/10/2018;Nanterre 92;Ext;Q4;03:30;9;Julian Gamble;defensive rebound;68;Telekom Baskets Bonn;5;2;2;;2;1;;;2;;5;;n;;;;;;
18-19_game_2310_Telekom-Baskets-Bonn-Nanterre-92.html;23/10/2018;Telekom Baskets Bonn;Dom;Q4;00:34;7;Bojan Subotic;defensive rebound;57;Nanterre 92;6;2;1;;1;1;;1;;2;5;;n;;;;;;
18-19_game_2310_Telekom-Baskets-Bonn-Nanterre-92.html;23/10/2018;Nanterre 92;Ext;Q4;00:21;5;Lahaou Konate;defensive rebound;81;Telekom Baskets Bonn;3;4;2;;2;1;1;;;1;5;;n;;;;;;
18-19_game_2310_UNET-Holon-PAOK.html;23/10/2018;PAOK;Ext;Q1;09:19;4;Linos Chrysikopoulos;offensive rebound;0;UNET Holon;2;2;1;;2;1;;;1;1;5;;;;;;;;
18-19_game_2310_UNET-Holon-PAOK.html;23/10/2018;PAOK;Ext;Q1;09:15;2;Yanick Moreira;offensive rebound;0;UNET Holon;2;3;1;;1;2;;2;;;5;0;;;;;;;
18-19_game_2310_UNET-Holon-PAOK.html;23/10/2018;UNET Holon;Dom;Q1;09:12;2;Corey Walden;defensive rebound;3;PAOK;2;3;2;;3;1;;;1;;5;;n;;;;;;
18-19_game_2310_UNET-Holon-PAOK.html;23/10/2018;PAOK;Ext;Q1;09:03;6;Antonis Koniaris;defensive rebound;0;UNET Holon;1;3;1;;1;;1;;2;1;5;;o;0;;;;;
18-19_game_2310_UNET-Holon-PAOK.html;23/10/2018;UNET Holon;Dom;Q1;08:46;7;DeQuan Jones;defensive rebound;3;PAOK;1;3;1;;1;1;1;;;2;5;;n;;;;;;
18-19_game_2310_UNET-Holon-PAOK.html;23/10/2018;PAOK;Ext;Q1;08:14;32;Phil Goss;defensive rebound;2;UNET Holon;2;3;3;;2;2;1;;;;5;;n;;;;;;
18-19_game_2310_UNET-Holon-PAOK.html;23/10/2018;UNET Holon;Dom;Q1;06:13;21;Shawn Jones;offensive rebound;7;PAOK;5;4;3;;2;1;;;1;1;5;0;;;;;;;
18-19_game_2310_UNET-Holon-PAOK.html;23/10/2018;PAOK;Ext;Q1;04:52;4;Linos Chrysikopoulos;defensive rebound;14;UNET Holon;3;4;1;;;;1;1;;3;5;;o;2;;;;;
18-19_game_2310_UNET-Holon-PAOK.html;23/10/2018;UNET Holon;Dom;Q1;03:32;12;Shlomo Harrush;defensive rebound;14;PAOK;1;4;2;;2;;1;;1;1;5;;o;0;;;;;
18-19_game_2310_UNET-Holon-PAOK.html;23/10/2018;UNET Holon;Dom;Q1;03:22;12;Shlomo Harrush;offensive rebound;14;PAOK;3;2;2;;2;;;;1;2;5;0;;;;;;;
18-19_game_2310_UNET-Holon-PAOK.html;23/10/2018;PAOK;Ext;Q1;02:40;32;Phil Goss;defensive rebound;17;UNET Holon;3;3;1;;1;;1;;;3;5;;n;;;;;;
18-19_game_2310_UNET-Holon-PAOK.html;23/10/2018;PAOK;Ext;Q1;02:05;11;Evangelos Margaritis;defensive rebound;20;UNET Holon;1;2;1;1;1;1;1;;;1;5;;o;2;;;;;
18-19_game_2310_UNET-Holon-PAOK.html;23/10/2018;PAOK;Ext;Q1;01:37;32;Phil Goss;defensive rebound;22;UNET Holon;3;3;1;;1;;1;;1;2;5;;n;;;;;;
18-19_game_2310_UNET-Holon-PAOK.html;23/10/2018;UNET Holon;Dom;Q1;01:30;10;Guy Pnini;defensive rebound;14;PAOK;5;3;1;;1;;1;;1;2;5;;n;;;;;;
18-19_game_2310_UNET-Holon-PAOK.html;23/10/2018;PAOK;Ext;Q1;00:46;11;Evangelos Margaritis;offensive rebound;22;UNET Holon;1;3;2;;2;1;;;1;1;5;2;;;;;;;
18-19_game_2310_UNET-Holon-PAOK.html;23/10/2018;PAOK;Ext;Q1;00:26;32;Phil Goss;defensive rebound;24;UNET Holon;5;3;1;;2;;;1;1;1;5;;n;;;;;;
18-19_game_2310_UNET-Holon-PAOK.html;23/10/2018;PAOK;Ext;Q2;07:05;25;William Hatcher;defensive rebound;32;UNET Holon;5;3;1;;1;1;;;1;2;5;;n;;;;;;
18-19_game_2310_UNET-Holon-PAOK.html;23/10/2018;UNET Holon;Dom;Q2;06:23;6;T.J. Cline;defensive rebound;25;PAOK;6;3;1;;1;;1;;;3;5;;n;;;;;;
18-19_game_2310_UNET-Holon-PAOK.html;23/10/2018;UNET Holon;Dom;Q2;04:59;7;DeQuan Jones;offensive rebound;30;PAOK;1;2;1;;1;;1;;2;1;5;0;;;;;;;
18-19_game_2310_UNET-Holon-PAOK.html;23/10/2018;UNET Holon;Dom;Q2;04:41;2;Corey Walden;defensive rebound;30;PAOK;4;3;1;;1;;1;;;3;5;;n;;;;;;
18-19_game_2310_UNET-Holon-PAOK.html;23/10/2018;PAOK;Ext;Q2;03:42;21;Malik Pope;offensive rebound;35;UNET Holon;6;3;1;;1;1;;;1;2;5;0;;;;;;;
18-19_game_2310_UNET-Holon-PAOK.html;23/10/2018;PAOK;Ext;Q2;03:08;21;Malik Pope;defensive rebound;35;UNET Holon;5;3;2;;2;;;;1;2;5;;n;;;;;;
18-19_game_2310_UNET-Holon-PAOK.html;23/10/2018;UNET Holon;Dom;Q2;02:35;8;Amit Simhon;defensive rebound;32;PAOK;1;3;1;;1;;1;1;;2;5;;o;2;;;;;
18-19_game_2310_UNET-Holon-PAOK.html;23/10/2018;PAOK;Ext;Q2;01:59;25;William Hatcher;defensive rebound;38;UNET Holon;1;3;2;;2;;1;;2;;5;;;;;;;;
18-19_game_2310_UNET-Holon-PAOK.html;23/10/2018;UNET Holon;Dom;Q2;00:17;6;T.J. Cline;defensive rebound;34;PAOK;5;4;2;;2;1;;;;2;5;;n;;;;;;
18-19_game_2310_UNET-Holon-PAOK.html;23/10/2018;PAOK;Ext;Q3;08:54;7;Ioannis Athinaiou;defensive rebound;42;UNET Holon;5;4;1;;1;1;;;1;2;5;;n;;;;;;
18-19_game_2310_UNET-Holon-PAOK.html;23/10/2018;PAOK;Ext;Q3;07:35;7;Ioannis Athinaiou;defensive rebound;44;UNET Holon;1;2;1;;1;;1;;1;2;5;;n;;;;;;
18-19_game_2310_UNET-Holon-PAOK.html;23/10/2018;UNET Holon;Dom;Q3;06:24;6;T.J. Cline;defensive rebound;43;PAOK;1;3;1;;2;2;;;;1;5;;o;0;;;;;
18-19_game_2310_UNET-Holon-PAOK.html;23/10/2018;UNET Holon;Dom;Q3;06:15;6;T.J. Cline;offensive rebound;43;PAOK;5;3;2;;2;;;1;;2;5;2;;;;;;;
18-19_game_2310_UNET-Holon-PAOK.html;23/10/2018;UNET Holon;Dom;Q3;05:52;6;T.J. Cline;defensive rebound;45;PAOK;2;2;1;;1;1;1;;;2;5;;n;;;;;;
18-19_game_2310_UNET-Holon-PAOK.html;23/10/2018;UNET Holon;Dom;Q3;04:46;6;T.J. Cline;defensive rebound;45;PAOK;3;4;4;;4;;;;;1;5;;n;;;;;;
18-19_game_2310_UNET-Holon-PAOK.html;23/10/2018;UNET Holon;Dom;Q3;03:49;21;Shawn Jones;defensive rebound;46;PAOK;1;3;1;1;1;1;1;;1;;5;;n;;;;;;
18-19_game_2310_UNET-Holon-PAOK.html;23/10/2018;UNET Holon;Dom;Q3;02:54;7;DeQuan Jones;defensive rebound;49;PAOK;3;3;2;1;2;;1;;;1;5;;n;;;;;;
18-19_game_2310_UNET-Holon-PAOK.html;23/10/2018;UNET Holon;Dom;Q3;02:23;10;Guy Pnini;defensive rebound;49;PAOK;1;3;0;1;1;1;;;1;1;5;;o;1;;;;;
18-19_game_2310_UNET-Holon-PAOK.html;23/10/2018;PAOK;Ext;Q3;01:15;32;Phil Goss;defensive rebound;50;UNET Holon;5;4;2;;2;;;;1;2;5;;n;;;;;;
18-19_game_2310_UNET-Holon-PAOK.html;23/10/2018;UNET Holon;Dom;Q4;09:29;21;Shawn Jones;offensive rebound;54;PAOK;1;3;2;;2;;2;;;1;5;2;;;;;;;
18-19_game_2310_UNET-Holon-PAOK.html;23/10/2018;PAOK;Ext;Q4;08:24;2;Yanick Moreira;defensive rebound;59;UNET Holon;5;2;0;;;;2;;2;1;5;;;;;;;;
18-19_game_2310_UNET-Holon-PAOK.html;23/10/2018;PAOK;Ext;Q4;07:48;11;Evangelos Margaritis;defensive rebound;59;UNET Holon;5;4;2;;2;;;;;3;5;;n;;;;;;
18-19_game_2310_UNET-Holon-PAOK.html;23/10/2018;UNET Holon;Dom;Q4;07:13;21;Shawn Jones;defensive rebound;58;PAOK;1;3;2;1;2;;;;1;1;5;;o;3;;;;;
18-19_game_2310_UNET-Holon-PAOK.html;23/10/2018;UNET Holon;Dom;Q4;04:47;2;Corey Walden;defensive rebound;62;PAOK;5;4;3;;3;;;;;2;5;;n;;;;;;
18-19_game_2310_UNET-Holon-PAOK.html;23/10/2018;UNET Holon;Dom;Q4;04:04;1;Khalif Wyatt;defensive rebound;64;PAOK;1;4;2;;;;;;1;2;3;;n;;;;;;
18-19_game_2310_UNET-Holon-PAOK.html;23/10/2018;PAOK;Ext;Q4;03:49;7;Ioannis Athinaiou;defensive rebound;62;UNET Holon;1;3;2;;2;;1;;;2;5;;n;;;;;;
18-19_game_2310_UNET-Holon-PAOK.html;23/10/2018;PAOK;Ext;Q4;03:11;13;Thodoris Zaras;defensive rebound;63;UNET Holon;3;4;1;;1;;1;;1;2;5;;n;;;;;;
18-19_game_2310_UNET-Holon-PAOK.html;23/10/2018;UNET Holon;Dom;Q4;02:48;21;Shawn Jones;defensive rebound;64;PAOK;1;4;2;;2;1;;;2;;5;;n;;;;;;
18-19_game_2310_UNET-Holon-PAOK.html;23/10/2018;PAOK;Ext;Q4;02:36;8;Milenko Tepic;offensive rebound;63;UNET Holon;6;4;2;;2;;1;;;2;5;0;;;;;;;
18-19_game_2310_UNET-Holon-PAOK.html;23/10/2018;PAOK;Ext;Q4;00:20;8;Milenko Tepic;defensive rebound;68;UNET Holon;6;4;2;;1;1;;;;3;5;;n;;;;;;
18-19_game_2310_Ventspils-Banvit.html;23/10/2018;Ventspils;Dom;Q1;09:34;23;Ousmane Drame;offensive rebound;0;Banvit;1;3;2;;2;;;1;;2;5;0;;;;;;;
18-19_game_2310_Ventspils-Banvit.html;23/10/2018;Banvit;Ext;Q1;09:30;9;Jordan Morgan;defensive rebound;0;Ventspils;1;4;3;;3;;;;;2;5;;o;2;;;;;
18-19_game_2310_Ventspils-Banvit.html;23/10/2018;Banvit;Ext;Q1;08:50;2;Alex Perez;defensive rebound;2;Ventspils;6;3;2;;1;1;1;;;2;5;;o;0;;;;;
18-19_game_2310_Ventspils-Banvit.html;23/10/2018;Ventspils;Dom;Q1;08:43;23;Ousmane Drame;defensive rebound;0;Banvit;4;5;3;;2;1;;;1;1;5;;n;;;;;;
18-19_game_2310_Ventspils-Banvit.html;23/10/2018;Ventspils;Dom;Q1;08:08;23;Ousmane Drame;defensive rebound;2;Banvit;1;4;2;;1;1;2;;1;;5;;o;0;;;;;
18-19_game_2310_Ventspils-Banvit.html;23/10/2018;Banvit;Ext;Q1;05:59;9;Jordan Morgan;offensive rebound;9;Ventspils;1;3;1;;1;1;1;;1;1;5;1;;;;;;;
18-19_game_2310_Ventspils-Banvit.html;23/10/2018;Ventspils;Dom;Q1;04:51;31;Janis Berzins;defensive rebound;12;Banvit;1;3;3;;2;1;1;;;1;5;;n;;;;;;
18-19_game_2310_Ventspils-Banvit.html;23/10/2018;Banvit;Ext;Q1;04:27;14;Stefan Bircevic;defensive rebound;10;Ventspils;5;4;2;;2;;;1;;2;5;;n;;;;;;
18-19_game_2310_Ventspils-Banvit.html;23/10/2018;Ventspils;Dom;Q1;04:12;21;Jonathan Arledge;defensive rebound;13;Banvit;5;3;3;;2;1;;;1;1;5;;n;;;;;;
18-19_game_2310_Ventspils-Banvit.html;23/10/2018;Ventspils;Dom;Q1;03:22;23;Ousmane Drame;defensive rebound;16;Banvit;1;3;3;;3;;;1;;1;5;;n;;;;;;
18-19_game_2310_Ventspils-Banvit.html;23/10/2018;Ventspils;Dom;Q1;02:08;23;Ousmane Drame;offensive rebound;21;Banvit;1;4;2;;2;;;1;;2;5;2;;;;;;;
18-19_game_2310_Ventspils-Banvit.html;23/10/2018;Banvit;Ext;Q1;01:35;4;Ä°smail Cem Ulusoy;defensive rebound;18;Ventspils;5;3;1;;1;1;;;1;2;5;;n;;;;;;
18-19_game_2310_Ventspils-Banvit.html;23/10/2018;Ventspils;Dom;Q1;01:20;13;Maris Gulbis;defensive rebound;23;Banvit;1;3;2;1;2;;;;1;1;5;;n;;;;;;
18-19_game_2310_Ventspils-Banvit.html;23/10/2018;Banvit;Ext;Q1;01:06;4;Ä°smail Cem Ulusoy;defensive rebound;18;Ventspils;1;1;0;;;1;;;1;3;5;;n;;;;;;
18-19_game_2310_Ventspils-Banvit.html;23/10/2018;Ventspils;Dom;Q1;00:50;7;Ingus Jakovics;defensive rebound;23;Banvit;1;2;1;;1;1;1;;;2;5;;o;0;;;;;
18-19_game_2310_Ventspils-Banvit.html;23/10/2018;Banvit;Ext;Q1;00:41;35;Ragip Atar;defensive rebound;18;Ventspils;1;4;2;;2;;1;;1;1;5;;n;;;;;;
18-19_game_2310_Ventspils-Banvit.html;23/10/2018;Ventspils;Dom;Q2;08:50;1;Aaron Johnson;defensive rebound;23;Banvit;1;3;2;1;3;;;;;1;5;;o;3;;;;;
18-19_game_2310_Ventspils-Banvit.html;23/10/2018;Banvit;Ext;Q2;08:23;22;Sehmus Hazer;offensive rebound;23;Ventspils;2;4;1;;1;;1;2;;1;5;2;;;;;;;
18-19_game_2310_Ventspils-Banvit.html;23/10/2018;Ventspils;Dom;Q2;07:32;21;Jonathan Arledge;defensive rebound;28;Banvit;5;3;1;;1;1;1;;1;1;5;;n;;;;;;
18-19_game_2310_Ventspils-Banvit.html;23/10/2018;Banvit;Ext;Q2;06:15;9;Jordan Morgan;offensive rebound;25;Ventspils;1;3;1;1;1;;2;;;1;5;0;;;;;;;
18-19_game_2310_Ventspils-Banvit.html;23/10/2018;Banvit;Ext;Q2;06:02;9;Jordan Morgan;defensive rebound;25;Ventspils;1;2;1;1;1;;;;1;2;5;;n;;;;;;
18-19_game_2310_Ventspils-Banvit.html;23/10/2018;Banvit;Ext;Q2;05:39;2;Alex Perez;offensive rebound;25;Ventspils;1;3;2;;2;;;;1;2;5;0;;;;;;;
18-19_game_2310_Ventspils-Banvit.html;23/10/2018;Ventspils;Dom;Q2;05:34;7;Ingus Jakovics;defensive rebound;32;Banvit;3;2;1;;2;;1;;1;1;5;;n;;;;;;
18-19_game_2310_Ventspils-Banvit.html;23/10/2018;Ventspils;Dom;Q2;04:57;23;Ousmane Drame;defensive rebound;35;Banvit;4;3;2;;2;1;;;1;1;5;;;;;;;;
18-19_game_2310_Ventspils-Banvit.html;23/10/2018;Ventspils;Dom;Q2;02:31;21;Jonathan Arledge;defensive rebound;45;Banvit;1;1;1;;1;;1;2;1;;5;;n;;;;;;
18-19_game_2310_Ventspils-Banvit.html;23/10/2018;Banvit;Ext;Q2;02:16;35;Ragip Atar;defensive rebound;34;Ventspils;5;4;1;;1;1;;1;;2;5;;n;;;;;;
18-19_game_2310_Ventspils-Banvit.html;23/10/2018;Ventspils;Dom;Q2;02:04;31;Janis Berzins;defensive rebound;45;Banvit;2;3;1;;1;;1;;1;2;5;;n;;;;;;
18-19_game_2310_Ventspils-Banvit.html;23/10/2018;Banvit;Ext;Q2;01:04;3;Marcus Thornton;defensive rebound;37;Ventspils;2;4;2;;1;1;1;;;2;5;;o;3;;;;;
18-19_game_2310_Ventspils-Banvit.html;23/10/2018;Banvit;Ext;Q2;00:32;9;Jordan Morgan;defensive rebound;40;Ventspils;1;3;2;;3;;;;1;1;5;;;;;;;;
18-19_game_2310_Ventspils-Banvit.html;23/10/2018;Banvit;Ext;Q3;09:44;10;Ridvan Oncel;defensive rebound;43;Ventspils;5;4;2;;1;2;;;;2;5;;o;0;;;;;
18-19_game_2310_Ventspils-Banvit.html;23/10/2018;Ventspils;Dom;Q3;09:37;21;Jonathan Arledge;defensive rebound;50;Banvit;1;3;2;;2;1;;;1;1;5;;n;;;;;;
18-19_game_2310_Ventspils-Banvit.html;23/10/2018;Ventspils;Dom;Q3;08:24;21;Jonathan Arledge;defensive rebound;54;Banvit;5;4;2;;2;;;;2;1;5;;n;;;;;;
18-19_game_2310_Ventspils-Banvit.html;23/10/2018;Ventspils;Dom;Q3;07:54;13;Maris Gulbis;defensive rebound;54;Banvit;1;3;1;1;1;;;;2;1;5;;n;;;;;;
18-19_game_2310_Ventspils-Banvit.html;23/10/2018;Ventspils;Dom;Q3;07:34;13;Maris Gulbis;offensive rebound;54;Banvit;5;4;2;;2;;;;2;1;5;2;;;;;;;
18-19_game_2310_Ventspils-Banvit.html;23/10/2018;Ventspils;Dom;Q3;07:08;21;Jonathan Arledge;defensive rebound;56;Banvit;5;3;1;;1;1;;;1;2;5;;n;;;;;;
18-19_game_2310_Ventspils-Banvit.html;23/10/2018;Banvit;Ext;Q3;06:55;9;Jordan Morgan;defensive rebound;45;Ventspils;1;5;2;;2;1;;;1;1;5;;n;;;;;;
18-19_game_2310_Ventspils-Banvit.html;23/10/2018;Banvit;Ext;Q3;06:10;22;Sehmus Hazer;defensive rebound;47;Ventspils;1;5;3;;3;;1;;;1;5;;n;;;;;;
18-19_game_2310_Ventspils-Banvit.html;23/10/2018;Banvit;Ext;Q3;05:38;10;Ridvan Oncel;defensive rebound;47;Ventspils;3;3;2;;;2;1;;;2;5;;o;0;;;;;
18-19_game_2310_Ventspils-Banvit.html;23/10/2018;Ventspils;Dom;Q3;05:31;13;Maris Gulbis;defensive rebound;56;Banvit;1;3;2;1;2;;1;;;1;5;;n;;;;;;
18-19_game_2310_Ventspils-Banvit.html;23/10/2018;Ventspils;Dom;Q3;04:06;23;Ousmane Drame;defensive rebound;60;Banvit;1;4;2;;;2;1;;;2;5;;n;;;;;;
18-19_game_2310_Ventspils-Banvit.html;23/10/2018;Ventspils;Dom;Q3;03:27;17;Roberts Freimanis;defensive rebound;60;Banvit;2;3;1;;1;2;;;1;1;5;;n;;;;;;
18-19_game_2310_Ventspils-Banvit.html;23/10/2018;Banvit;Ext;Q3;03:01;2;Alex Perez;offensive rebound;49;Ventspils;1;3;2;;2;1;1;;;1;5;1;;;;;;;
18-19_game_2310_Ventspils-Banvit.html;23/10/2018;Ventspils;Dom;Q3;02:02;31;Janis Berzins;offensive rebound;62;Banvit;6;4;2;;1;1;;;;3;5;2;;;;;;;
18-19_game_2310_Ventspils-Banvit.html;23/10/2018;Banvit;Ext;Q3;00:22;9;Jordan Morgan;offensive rebound;56;Ventspils;5;3;2;;2;1;;1;;1;5;2;;;;;;;
18-19_game_2310_Ventspils-Banvit.html;23/10/2018;Banvit;Ext;Q4;06:40;22;Sehmus Hazer;offensive rebound;66;Ventspils;1;4;3;;2;1;1;;;1;5;0;;;;;;;
18-19_game_2310_Ventspils-Banvit.html;23/10/2018;Banvit;Ext;Q4;06:20;10;Ridvan Oncel;defensive rebound;66;Ventspils;6;3;2;;2;;1;;1;1;5;;n;;;;;;
18-19_game_2310_Ventspils-Banvit.html;23/10/2018;Banvit;Ext;Q4;06:04;9;Jordan Morgan;offensive rebound;66;Ventspils;2;3;3;;2;1;;1;1;;5;2;;;;;;;
18-19_game_2310_Ventspils-Banvit.html;23/10/2018;Ventspils;Dom;Q4;05:15;9;Rihards Lomazs;defensive rebound;74;Banvit;5;4;2;;2;1;;;;2;5;;n;;;;;;
18-19_game_2310_Ventspils-Banvit.html;23/10/2018;Banvit;Ext;Q4;04:08;5;Devin Oliver;defensive rebound;68;Ventspils;2;3;1;;1;1;;1;1;1;5;;n;;;;;;
18-19_game_2310_Ventspils-Banvit.html;23/10/2018;Banvit;Ext;Q4;03:41;2;Alex Perez;defensive rebound;69;Ventspils;4;3;2;;;2;;;1;2;5;;n;;;;;;
18-19_game_2310_Ventspils-Banvit.html;23/10/2018;Banvit;Ext;Q4;01:50;9;Jordan Morgan;defensive rebound;74;Ventspils;5;3;2;;2;1;;;1;1;5;;o;3;;;;;
18-19_game_2310_Ventspils-Banvit.html;23/10/2018;Ventspils;Dom;Q4;01:11;1;Aaron Johnson;defensive rebound;80;Banvit;4;2;2;;2;;;1;1;1;5;;n;;;;;;
18-19_game_2310_Ventspils-Banvit.html;23/10/2018;Banvit;Ext;Q4;00:43;2;Alex Perez;offensive rebound;77;Ventspils;5;3;2;;2;1;;1;;1;5;0;;;;;;;
18-19_game_2410_AEK-Brose-Baskets-Bamberg.html;24/10/2018;Brose Bamberg;Ext;Q1;09:12;21;Augustine Rubit;defensive rebound;0;AEK;1;3;1;;2;;1;;1;1;5;;n;;;;;;
18-19_game_2410_AEK-Brose-Baskets-Bamberg.html;24/10/2018;Brose Bamberg;Ext;Q1;08:38;98;Arnoldas Kulboka;defensive rebound;2;AEK;5;4;1;;1;1;;1;1;1;5;;n;;;;;;
18-19_game_2410_AEK-Brose-Baskets-Bamberg.html;24/10/2018;Brose Bamberg;Ext;Q1;08:11;4;Tyrese Rice;defensive rebound;2;AEK;4;3;0;;;;1;1;1;2;5;;n;;;;;;
18-19_game_2410_AEK-Brose-Baskets-Bamberg.html;24/10/2018;AEK;Dom;Q1;07:50;5;Dusan Sakota;defensive rebound;2;Brose Bamberg;1;2;1;;1;;1;1;;2;5;;;;;;;;
18-19_game_2410_AEK-Brose-Baskets-Bamberg.html;24/10/2018;AEK;Dom;Q1;07:33;32;Vince Hunter;offensive rebound;2;Brose Bamberg;1;1;1;;1;2;;;2;;5;0;;;;;;;
18-19_game_2410_AEK-Brose-Baskets-Bamberg.html;24/10/2018;Brose Bamberg;Ext;Q1;07:22;13;Daniel Schmidt;defensive rebound;2;AEK;1;3;1;;1;;;1;1;2;5;;o;2;;;;;
18-19_game_2410_AEK-Brose-Baskets-Bamberg.html;24/10/2018;Brose Bamberg;Ext;Q1;04:20;16;Louis Olinde;offensive rebound;8;AEK;4;4;2;;2;1;;;;2;5;2;;;;;;;
18-19_game_2410_AEK-Brose-Baskets-Bamberg.html;24/10/2018;Brose Bamberg;Ext;Q1;03:47;16;Louis Olinde;offensive rebound;10;AEK;1;2;2;1;2;;;;;2;5;1;;;;;;;
18-19_game_2410_AEK-Brose-Baskets-Bamberg.html;24/10/2018;AEK;Dom;Q1;02:28;5;Dusan Sakota;defensive rebound;17;Brose Bamberg;3;4;1;;2;;1;;;2;5;2;;;;;;;
18-19_game_2410_AEK-Brose-Baskets-Bamberg.html;24/10/2018;Brose Bamberg;Ext;Q1;01:46;9;Maurice Stuckey;defensive rebound;13;AEK;5;3;2;;2;;;;1;2;5;;n;;;;;;
18-19_game_2410_AEK-Brose-Baskets-Bamberg.html;24/10/2018;AEK;Dom;Q1;00:58;30;Tyler Roberson;offensive rebound;21;Brose Bamberg;5;4;1;;1;;;1;1;2;5;0;;;;;;;
18-19_game_2410_AEK-Brose-Baskets-Bamberg.html;24/10/2018;AEK;Dom;Q1;00:53;30;Tyler Roberson;defensive rebound;21;Brose Bamberg;6;4;3;;2;1;;1;;1;5;;n;;;;;;
18-19_game_2410_AEK-Brose-Baskets-Bamberg.html;24/10/2018;AEK;Dom;Q1;00:14;12;Giannoulis Larentzakis;defensive rebound;21;Brose Bamberg;4;5;2;;2;;1;;;2;5;;n;;;;;;
18-19_game_2410_AEK-Brose-Baskets-Bamberg.html;24/10/2018;AEK;Dom;Q2;08:56;8;Jonas Maciulis;defensive rebound;24;Brose Bamberg;1;3;1;;;2;;1;1;1;5;;n;;;;;;
18-19_game_2410_AEK-Brose-Baskets-Bamberg.html;24/10/2018;AEK;Dom;Q2;07:55;12;Giannoulis Larentzakis;defensive rebound;26;Brose Bamberg;1;3;2;;2;1;;;1;1;5;;n;;;;;;
18-19_game_2410_AEK-Brose-Baskets-Bamberg.html;24/10/2018;Brose Bamberg;Ext;Q2;06:56;16;Louis Olinde;defensive rebound;21;AEK;2;3;2;;1;1;1;;1;1;5;;n;;;;;;
18-19_game_2410_AEK-Brose-Baskets-Bamberg.html;24/10/2018;AEK;Dom;Q2;06:05;31;Charalampos Giannopoulos;defensive rebound;33;Brose Bamberg;5;3;2;;2;;1;;2;;5;;o;2;;;;;
18-19_game_2410_AEK-Brose-Baskets-Bamberg.html;24/10/2018;Brose Bamberg;Ext;Q2;05:37;21;Augustine Rubit;offensive rebound;23;AEK;2;3;1;;1;1;1;1;;1;5;0;;;;;;;
18-19_game_2410_AEK-Brose-Baskets-Bamberg.html;24/10/2018;AEK;Dom;Q2;05:30;8;Jonas Maciulis;defensive rebound;35;Brose Bamberg;5;4;2;;2;;;;1;2;5;;n;;;;;;
18-19_game_2410_AEK-Brose-Baskets-Bamberg.html;24/10/2018;Brose Bamberg;Ext;Q2;05:13;98;Arnoldas Kulboka;defensive rebound;23;AEK;3;4;1;;1;;1;;;3;5;;n;;;;;;
18-19_game_2410_AEK-Brose-Baskets-Bamberg.html;24/10/2018;Brose Bamberg;Ext;Q2;04:56;98;Arnoldas Kulboka;defensive rebound;23;AEK;5;4;2;;2;2;;;;1;5;;o;0;;;;;
18-19_game_2410_AEK-Brose-Baskets-Bamberg.html;24/10/2018;AEK;Dom;Q2;04:47;8;Jonas Maciulis;defensive rebound;35;Brose Bamberg;1;2;2;1;2;1;;;;1;5;;n;;;;;;
18-19_game_2410_AEK-Brose-Baskets-Bamberg.html;24/10/2018;AEK;Dom;Q2;03:17;32;Vince Hunter;offensive rebound;40;Brose Bamberg;4;3;1;;1;1;;;;3;5;0;;;;;;;
18-19_game_2410_AEK-Brose-Baskets-Bamberg.html;24/10/2018;Brose Bamberg;Ext;Q2;02:55;98;Arnoldas Kulboka;defensive rebound;27;AEK;5;4;0;;;1;;;1;3;5;;n;;;;;;
18-19_game_2410_AEK-Brose-Baskets-Bamberg.html;24/10/2018;Brose Bamberg;Ext;Q2;02:45;16;Louis Olinde;offensive rebound;27;AEK;5;2;2;;1;1;;1;1;1;5;0;;;;;;;
18-19_game_2410_AEK-Brose-Baskets-Bamberg.html;24/10/2018;Brose Bamberg;Ext;Q2;02:07;22;Cliff Alexander;defensive rebound;27;AEK;3;3;2;;2;;1;;1;1;5;;n;;;;;;
18-19_game_2410_AEK-Brose-Baskets-Bamberg.html;24/10/2018;AEK;Dom;Q2;01:37;5;Dusan Sakota;offensive rebound;40;Brose Bamberg;5;3;2;;2;1;;;;2;5;0;;;;;;;
18-19_game_2410_AEK-Brose-Baskets-Bamberg.html;24/10/2018;Brose Bamberg;Ext;Q2;01:31;21;Augustine Rubit;defensive rebound;29;AEK;1;3;3;;3;;;;2;;5;;o;3;;;;;
18-19_game_2410_AEK-Brose-Baskets-Bamberg.html;24/10/2018;AEK;Dom;Q3;08:33;32;Vince Hunter;offensive rebound;47;Brose Bamberg;3;3;1;;1;1;1;;1;1;5;0;;;;;;;
18-19_game_2410_AEK-Brose-Baskets-Bamberg.html;24/10/2018;Brose Bamberg;Ext;Q3;08:13;13;Daniel Schmidt;defensive rebound;38;AEK;1;4;1;;1;1;1;;1;1;5;;n;;;;;;
18-19_game_2410_AEK-Brose-Baskets-Bamberg.html;24/10/2018;Brose Bamberg;Ext;Q3;07:16;13;Daniel Schmidt;defensive rebound;40;AEK;2;3;0;;;1;;;2;2;5;;n;;;;;;
18-19_game_2410_AEK-Brose-Baskets-Bamberg.html;24/10/2018;Brose Bamberg;Ext;Q3;06:15;21;Augustine Rubit;offensive rebound;43;AEK;1;2;2;;2;;;;1;2;5;2;;;;;;;
18-19_game_2410_AEK-Brose-Baskets-Bamberg.html;24/10/2018;AEK;Dom;Q3;05:30;23;Malcolm Griffin;defensive rebound;51;Brose Bamberg;2;2;1;;1;;1;;;3;5;;o;2;;;;;
18-19_game_2410_AEK-Brose-Baskets-Bamberg.html;24/10/2018;AEK;Dom;Q3;05:07;23;Malcolm Griffin;defensive rebound;53;Brose Bamberg;3;3;1;;1;1;;;1;2;5;;n;;;;;;
18-19_game_2410_AEK-Brose-Baskets-Bamberg.html;24/10/2018;Brose Bamberg;Ext;Q3;04:09;22;Cliff Alexander;offensive rebound;45;AEK;1;3;2;;2;;1;;;2;5;2;;;;;;;
18-19_game_2410_AEK-Brose-Baskets-Bamberg.html;24/10/2018;AEK;Dom;Q3;03:15;23;Malcolm Griffin;defensive rebound;59;Brose Bamberg;1;2;0;1;;1;;;1;2;5;;n;;;;;;
18-19_game_2410_AEK-Brose-Baskets-Bamberg.html;24/10/2018;Brose Bamberg;Ext;Q3;03:05;98;Arnoldas Kulboka;defensive rebound;49;AEK;6;3;2;;1;1;;;1;2;5;;n;;;;;;
18-19_game_2410_AEK-Brose-Baskets-Bamberg.html;24/10/2018;Brose Bamberg;Ext;Q3;02:42;21;Augustine Rubit;defensive rebound;49;AEK;3;3;2;;2;;1;;;2;5;;o;3;;;;;
18-19_game_2410_AEK-Brose-Baskets-Bamberg.html;24/10/2018;Brose Bamberg;Ext;Q3;01:29;9;Maurice Stuckey;defensive rebound;55;AEK;4;3;1;;1;;1;;1;2;5;;n;;;;;;
18-19_game_2410_AEK-Brose-Baskets-Bamberg.html;24/10/2018;Brose Bamberg;Ext;Q4;09:12;4;Tyrese Rice;defensive rebound;61;AEK;6;3;2;;2;;;;1;2;5;;n;;;;;;
18-19_game_2410_AEK-Brose-Baskets-Bamberg.html;24/10/2018;Brose Bamberg;Ext;Q4;08:55;22;Cliff Alexander;offensive rebound;61;AEK;1;3;2;;3;1;;;;1;5;2;;;;;;;
18-19_game_2410_AEK-Brose-Baskets-Bamberg.html;24/10/2018;Brose Bamberg;Ext;Q4;06:31;16;Louis Olinde;defensive rebound;70;AEK;1;4;0;1;;;1;;1;2;5;;o;0;;;;;
18-19_game_2410_AEK-Brose-Baskets-Bamberg.html;24/10/2018;Brose Bamberg;Ext;Q4;05:51;98;Arnoldas Kulboka;defensive rebound;70;AEK;1;4;0;;1;;2;;1;1;5;;;;;;;;
18-19_game_2410_AEK-Brose-Baskets-Bamberg.html;24/10/2018;Brose Bamberg;Ext;Q4;02:53;22;Cliff Alexander;defensive rebound;76;AEK;1;2;1;1;1;;1;;1;1;5;;o;0;;;;;
18-19_game_2410_AEK-Brose-Baskets-Bamberg.html;24/10/2018;AEK;Dom;Q4;01:27;32;Vince Hunter;offensive rebound;91;Brose Bamberg;6;3;2;;2;1;;;1;1;5;2;;;;;;;
18-19_game_2410_AEK-Brose-Baskets-Bamberg.html;24/10/2018;Brose Bamberg;Ext;Q4;00:38;16;Louis Olinde;defensive rebound;83;AEK;4;4;2;;2;1;;;1;1;5;;o;0;;;;;
18-19_game_2410_AEK-Brose-Baskets-Bamberg.html;24/10/2018;AEK;Dom;Q4;00:28;32;Vince Hunter;defensive rebound;93;Brose Bamberg;3;3;1;;1;1;;;1;2;5;;n;;;;;;
18-19_game_2410_Telenet-Giants-Antwerp-Hapoel-Jerusalem.html;24/10/2018;Telenet Giants Antwerp;Dom;Q1;08:12;24;Tyler Kalinoski;defensive rebound;0;Hapoel Bank Yahav Jerusalem;5;4;2;;2;;1;;;2;5;;o;1;;;;;
18-19_game_2410_Telenet-Giants-Antwerp-Hapoel-Jerusalem.html;24/10/2018;Telenet Giants Antwerp;Dom;Q1;07:53;24;Tyler Kalinoski;defensive rebound;1;Hapoel Bank Yahav Jerusalem;3;4;3;;3;;1;;;1;5;;o;2;;;;;
18-19_game_2410_Telenet-Giants-Antwerp-Hapoel-Jerusalem.html;24/10/2018;Telenet Giants Antwerp;Dom;Q1;06:53;24;Tyler Kalinoski;offensive rebound;6;Hapoel Bank Yahav Jerusalem;1;3;2;;2;;;;;3;5;3;;;;;;;
18-19_game_2410_Telenet-Giants-Antwerp-Hapoel-Jerusalem.html;24/10/2018;Hapoel Bank Yahav Jerusalem;Ext;Q1;06:08;6;Tamir Blatt;defensive rebound;12;Telenet Giants Antwerp;1;3;1;;1;1;;;1;2;5;;o;3;;;;;
18-19_game_2410_Telenet-Giants-Antwerp-Hapoel-Jerusalem.html;24/10/2018;Hapoel Bank Yahav Jerusalem;Ext;Q1;05:38;22;Josh Owens;defensive rebound;15;Telenet Giants Antwerp;1;1;1;1;1;1;;;1;1;5;;o;2;;;;;
18-19_game_2410_Telenet-Giants-Antwerp-Hapoel-Jerusalem.html;24/10/2018;Telenet Giants Antwerp;Dom;Q1;05:11;24;Tyler Kalinoski;offensive rebound;9;Hapoel Bank Yahav Jerusalem;5;4;3;;3;;;;;2;5;2;;;;;;;
18-19_game_2410_Telenet-Giants-Antwerp-Hapoel-Jerusalem.html;24/10/2018;Hapoel Bank Yahav Jerusalem;Ext;Q1;04:46;14;James Feldeine;offensive rebound;17;Telenet Giants Antwerp;1;3;2;;2;1;;;;2;5;3;;;;;;;
18-19_game_2410_Telenet-Giants-Antwerp-Hapoel-Jerusalem.html;24/10/2018;Hapoel Bank Yahav Jerusalem;Ext;Q1;04:16;17;Da'Sean Butler;offensive rebound;22;Telenet Giants Antwerp;2;4;3;;3;;1;;;1;5;2;;;;;;;
18-19_game_2410_Telenet-Giants-Antwerp-Hapoel-Jerusalem.html;24/10/2018;Hapoel Bank Yahav Jerusalem;Ext;Q1;03:54;69;J’Covan Brown;defensive rebound;22;Telenet Giants Antwerp;5;5;3;;3;;;;1;1;5;;n;;;;;;
18-19_game_2410_Telenet-Giants-Antwerp-Hapoel-Jerusalem.html;24/10/2018;Telenet Giants Antwerp;Dom;Q1;03:41;8;Jae'Sean Tate;defensive rebound;13;Hapoel Bank Yahav Jerusalem;6;4;3;;3;;;;;2;5;;n;;;;;;
18-19_game_2410_Telenet-Giants-Antwerp-Hapoel-Jerusalem.html;24/10/2018;Hapoel Bank Yahav Jerusalem;Ext;Q1;02:24;69;J’Covan Brown;defensive rebound;25;Telenet Giants Antwerp;1;3;2;;2;1;;;;2;5;;o;0;;;;;
18-19_game_2410_Telenet-Giants-Antwerp-Hapoel-Jerusalem.html;24/10/2018;Hapoel Bank Yahav Jerusalem;Ext;Q1;02:17;1;Amar'e Stoudemire;offensive rebound;25;Telenet Giants Antwerp;4;3;1;;1;1;;1;1;1;5;2;;;;;;;
18-19_game_2410_Telenet-Giants-Antwerp-Hapoel-Jerusalem.html;24/10/2018;Hapoel Bank Yahav Jerusalem;Ext;Q1;01:54;8;Lior Eliyahu;defensive rebound;27;Telenet Giants Antwerp;1;3;2;1;2;;;;;2;5;;n;;;;;;
18-19_game_2410_Telenet-Giants-Antwerp-Hapoel-Jerusalem.html;24/10/2018;Telenet Giants Antwerp;Dom;Q1;01:49;21;Ismael Bako;defensive rebound;18;Hapoel Bank Yahav Jerusalem;3;4;3;;3;;1;;;1;5;;n;;;;;;
18-19_game_2410_Telenet-Giants-Antwerp-Hapoel-Jerusalem.html;24/10/2018;Telenet Giants Antwerp;Dom;Q1;01:36;21;Ismael Bako;offensive rebound;18;Hapoel Bank Yahav Jerusalem;5;4;3;;2;1;;;1;1;5;0;;;;;;;
18-19_game_2410_Telenet-Giants-Antwerp-Hapoel-Jerusalem.html;24/10/2018;Telenet Giants Antwerp;Dom;Q1;01:16;13;Yoeri Schoepen;offensive rebound;18;Hapoel Bank Yahav Jerusalem;2;4;3;;3;;;;1;1;5;3;;;;;;;
18-19_game_2410_Telenet-Giants-Antwerp-Hapoel-Jerusalem.html;24/10/2018;Hapoel Bank Yahav Jerusalem;Ext;Q2;09:40;22;Josh Owens;defensive rebound;31;Telenet Giants Antwerp;5;4;2;;2;;;1;;2;5;;n;;;;;;
18-19_game_2410_Telenet-Giants-Antwerp-Hapoel-Jerusalem.html;24/10/2018;Telenet Giants Antwerp;Dom;Q2;09:30;21;Ismael Bako;defensive rebound;25;Hapoel Bank Yahav Jerusalem;2;2;2;;2;1;1;;;1;5;;n;;;;;;
18-19_game_2410_Telenet-Giants-Antwerp-Hapoel-Jerusalem.html;24/10/2018;Hapoel Bank Yahav Jerusalem;Ext;Q2;09:14;4;Chris Johnson;defensive rebound;31;Telenet Giants Antwerp;1;3;1;;2;1;;;1;1;5;;o;0;;;;;
18-19_game_2410_Telenet-Giants-Antwerp-Hapoel-Jerusalem.html;24/10/2018;Telenet Giants Antwerp;Dom;Q2;09:04;10;Hans Vanwijn;defensive rebound;25;Hapoel Bank Yahav Jerusalem;6;3;3;;3;1;;;;1;5;;n;;;;;;
18-19_game_2410_Telenet-Giants-Antwerp-Hapoel-Jerusalem.html;24/10/2018;Hapoel Bank Yahav Jerusalem;Ext;Q2;08:15;14;James Feldeine;defensive rebound;31;Telenet Giants Antwerp;3;2;2;1;2;;1;;;1;5;;o;2;;;;;
18-19_game_2410_Telenet-Giants-Antwerp-Hapoel-Jerusalem.html;24/10/2018;Telenet Giants Antwerp;Dom;Q2;07:33;7;Dennis Donkor;defensive rebound;30;Hapoel Bank Yahav Jerusalem;5;3;3;;3;;;;1;1;5;;n;;;;;;
18-19_game_2410_Telenet-Giants-Antwerp-Hapoel-Jerusalem.html;24/10/2018;Hapoel Bank Yahav Jerusalem;Ext;Q2;06:30;22;Josh Owens;defensive rebound;35;Telenet Giants Antwerp;4;2;0;;;2;;;1;2;5;;n;;;;;;
18-19_game_2410_Telenet-Giants-Antwerp-Hapoel-Jerusalem.html;24/10/2018;Telenet Giants Antwerp;Dom;Q2;05:46;13;Yoeri Schoepen;defensive rebound;38;Hapoel Bank Yahav Jerusalem;3;3;3;;1;3;;;;1;5;;o;0;;;;;
18-19_game_2410_Telenet-Giants-Antwerp-Hapoel-Jerusalem.html;24/10/2018;Hapoel Bank Yahav Jerusalem;Ext;Q2;05:38;6;Tamir Blatt;defensive rebound;35;Telenet Giants Antwerp;5;3;2;;2;;;;1;2;5;;n;;;;;;
18-19_game_2410_Telenet-Giants-Antwerp-Hapoel-Jerusalem.html;24/10/2018;Telenet Giants Antwerp;Dom;Q2;02:48;8;Jae'Sean Tate;defensive rebound;47;Hapoel Bank Yahav Jerusalem;1;3;2;;2;2;;;1;;5;;n;;;;;;
18-19_game_2410_Telenet-Giants-Antwerp-Hapoel-Jerusalem.html;24/10/2018;Hapoel Bank Yahav Jerusalem;Ext;Q2;02:28;1;Amar'e Stoudemire;defensive rebound;44;Telenet Giants Antwerp;3;4;3;;3;;2;;;;5;;n;;;;;;
18-19_game_2410_Telenet-Giants-Antwerp-Hapoel-Jerusalem.html;24/10/2018;Telenet Giants Antwerp;Dom;Q2;01:11;10;Hans Vanwijn;defensive rebound;47;Hapoel Bank Yahav Jerusalem;5;3;3;;3;1;;;;1;5;;n;;;;;;
18-19_game_2410_Telenet-Giants-Antwerp-Hapoel-Jerusalem.html;24/10/2018;Telenet Giants Antwerp;Dom;Q3;09:11;10;Hans Vanwijn;defensive rebound;54;Hapoel Bank Yahav Jerusalem;1;3;2;;2;1;1;;;1;5;;o;0;;;;;
18-19_game_2410_Telenet-Giants-Antwerp-Hapoel-Jerusalem.html;24/10/2018;Telenet Giants Antwerp;Dom;Q3;09:04;24;Tyler Kalinoski;offensive rebound;54;Hapoel Bank Yahav Jerusalem;6;3;2;;2;;1;;1;1;5;0;;;;;;;
18-19_game_2410_Telenet-Giants-Antwerp-Hapoel-Jerusalem.html;24/10/2018;Telenet Giants Antwerp;Dom;Q3;08:59;24;Tyler Kalinoski;offensive rebound;54;Hapoel Bank Yahav Jerusalem;5;4;2;;2;;1;;;2;5;0;;;;;;;
18-19_game_2410_Telenet-Giants-Antwerp-Hapoel-Jerusalem.html;24/10/2018;Hapoel Bank Yahav Jerusalem;Ext;Q3;08:51;22;Josh Owens;defensive rebound;56;Telenet Giants Antwerp;1;3;0;1;;1;;1;;2;5;;n;;;;;;
18-19_game_2410_Telenet-Giants-Antwerp-Hapoel-Jerusalem.html;24/10/2018;Hapoel Bank Yahav Jerusalem;Ext;Q3;08:20;6;Tamir Blatt;defensive rebound;59;Telenet Giants Antwerp;1;3;0;1;;1;;1;1;1;5;;n;;;;;;
18-19_game_2410_Telenet-Giants-Antwerp-Hapoel-Jerusalem.html;24/10/2018;Hapoel Bank Yahav Jerusalem;Ext;Q3;06:47;22;Josh Owens;offensive rebound;64;Telenet Giants Antwerp;3;3;2;;2;1;;;1;1;5;0;;;;;;;
18-19_game_2410_Telenet-Giants-Antwerp-Hapoel-Jerusalem.html;24/10/2018;Telenet Giants Antwerp;Dom;Q3;06:40;23;Dave Dudzinski;defensive rebound;58;Hapoel Bank Yahav Jerusalem;2;3;3;;3;1;;;;1;5;;n;;;;;;
18-19_game_2410_Telenet-Giants-Antwerp-Hapoel-Jerusalem.html;24/10/2018;Telenet Giants Antwerp;Dom;Q3;06:20;23;Dave Dudzinski;defensive rebound;58;Hapoel Bank Yahav Jerusalem;3;3;2;;2;;1;;;2;5;;n;;;;;;
18-19_game_2410_Telenet-Giants-Antwerp-Hapoel-Jerusalem.html;24/10/2018;Telenet Giants Antwerp;Dom;Q3;05:28;23;Dave Dudzinski;defensive rebound;60;Hapoel Bank Yahav Jerusalem;6;3;3;;2;1;;;1;1;5;;o;2;;;;;
18-19_game_2410_Telenet-Giants-Antwerp-Hapoel-Jerusalem.html;24/10/2018;Telenet Giants Antwerp;Dom;Q3;05:05;5;Paris Lee;defensive rebound;62;Hapoel Bank Yahav Jerusalem;5;3;3;;3;1;;;;1;5;;n;;;;;;
18-19_game_2410_Telenet-Giants-Antwerp-Hapoel-Jerusalem.html;24/10/2018;Telenet Giants Antwerp;Dom;Q3;03:54;11;Victor Sanders;defensive rebound;66;Hapoel Bank Yahav Jerusalem;5;4;3;;1;2;;;;2;5;;o;0;;;;;
18-19_game_2410_Telenet-Giants-Antwerp-Hapoel-Jerusalem.html;24/10/2018;Hapoel Bank Yahav Jerusalem;Ext;Q3;03:36;8;Lior Eliyahu;defensive rebound;66;Telenet Giants Antwerp;6;3;1;;1;1;;1;1;1;5;;o;2;;;;;
18-19_game_2410_Telenet-Giants-Antwerp-Hapoel-Jerusalem.html;24/10/2018;Telenet Giants Antwerp;Dom;Q3;02:22;11;Victor Sanders;defensive rebound;69;Hapoel Bank Yahav Jerusalem;4;3;2;;2;;1;1;;1;5;;o;2;;;;;
18-19_game_2410_Telenet-Giants-Antwerp-Hapoel-Jerusalem.html;24/10/2018;Telenet Giants Antwerp;Dom;Q3;01:40;7;Dennis Donkor;offensive rebound;71;Hapoel Bank Yahav Jerusalem;1;3;1;1;1;1;1;;;1;5;0;;;;;;;
18-19_game_2410_Telenet-Giants-Antwerp-Hapoel-Jerusalem.html;24/10/2018;Telenet Giants Antwerp;Dom;Q3;01:19;10;Hans Vanwijn;offensive rebound;71;Hapoel Bank Yahav Jerusalem;6;4;2;;2;;;1;1;1;5;2;;;;;;;
18-19_game_2410_Telenet-Giants-Antwerp-Hapoel-Jerusalem.html;24/10/2018;Telenet Giants Antwerp;Dom;Q3;01:06;21;Ismael Bako;defensive rebound;73;Hapoel Bank Yahav Jerusalem;1;2;1;1;2;1;;;;1;5;;n;;;;;;
18-19_game_2410_Telenet-Giants-Antwerp-Hapoel-Jerusalem.html;24/10/2018;Hapoel Bank Yahav Jerusalem;Ext;Q3;00:38;4;Chris Johnson;offensive rebound;73;Telenet Giants Antwerp;6;3;3;;2;1;;;1;1;5;0;;;;;;;
18-19_game_2410_Telenet-Giants-Antwerp-Hapoel-Jerusalem.html;24/10/2018;Telenet Giants Antwerp;Dom;Q3;00:33;10;Hans Vanwijn;defensive rebound;73;Hapoel Bank Yahav Jerusalem;1;3;3;;3;;;;;2;5;;n;;;;;;
18-19_game_2410_Telenet-Giants-Antwerp-Hapoel-Jerusalem.html;24/10/2018;Hapoel Bank Yahav Jerusalem;Ext;Q4;09:30;4;Chris Johnson;offensive rebound;73;Telenet Giants Antwerp;3;4;2;;2;;1;;;2;5;3;;;;;;;
18-19_game_2410_Telenet-Giants-Antwerp-Hapoel-Jerusalem.html;24/10/2018;Hapoel Bank Yahav Jerusalem;Ext;Q4;09:02;14;James Feldeine;defensive rebound;76;Telenet Giants Antwerp;4;4;2;;1;2;;;1;1;5;;n;;;;;;
18-19_game_2410_Telenet-Giants-Antwerp-Hapoel-Jerusalem.html;24/10/2018;Telenet Giants Antwerp;Dom;Q4;07:50;21;Ismael Bako;offensive rebound;76;Hapoel Bank Yahav Jerusalem;1;4;2;;2;1;;;1;1;5;0;;;;;;;
18-19_game_2410_Telenet-Giants-Antwerp-Hapoel-Jerusalem.html;24/10/2018;Telenet Giants Antwerp;Dom;Q4;07:13;24;Tyler Kalinoski;defensive rebound;77;Hapoel Bank Yahav Jerusalem;4;3;1;;1;1;;;1;2;5;;n;;;;;;
18-19_game_2410_Telenet-Giants-Antwerp-Hapoel-Jerusalem.html;24/10/2018;Telenet Giants Antwerp;Dom;Q4;06:35;21;Ismael Bako;defensive rebound;79;Hapoel Bank Yahav Jerusalem;4;4;2;;2;1;1;;;1;5;;n;;;;;;
18-19_game_2410_Telenet-Giants-Antwerp-Hapoel-Jerusalem.html;24/10/2018;Hapoel Bank Yahav Jerusalem;Ext;Q4;06:29;17;Da'Sean Butler;defensive rebound;76;Telenet Giants Antwerp;3;3;3;;2;1;;;1;1;5;;n;;;;;;
18-19_game_2410_Telenet-Giants-Antwerp-Hapoel-Jerusalem.html;24/10/2018;Telenet Giants Antwerp;Dom;Q4;05:55;23;Dave Dudzinski;offensive rebound;79;Hapoel Bank Yahav Jerusalem;1;4;1;;1;2;;;2;;5;0;;;;;;;
18-19_game_2410_Telenet-Giants-Antwerp-Hapoel-Jerusalem.html;24/10/2018;Hapoel Bank Yahav Jerusalem;Ext;Q4;05:30;17;Da'Sean Butler;offensive rebound;78;Telenet Giants Antwerp;2;2;3;;3;;;;1;1;5;0;;;;;;;
18-19_game_2410_Telenet-Giants-Antwerp-Hapoel-Jerusalem.html;24/10/2018;Hapoel Bank Yahav Jerusalem;Ext;Q4;05:24;17;Da'Sean Butler;offensive rebound;78;Telenet Giants Antwerp;1;4;2;;2;;;1;1;1;5;0;;;;;;;
18-19_game_2410_Telenet-Giants-Antwerp-Hapoel-Jerusalem.html;24/10/2018;Hapoel Bank Yahav Jerusalem;Ext;Q4;05:15;8;Lior Eliyahu;offensive rebound;78;Telenet Giants Antwerp;5;4;3;;3;;;;1;1;5;2;;;;;;;
18-19_game_2410_Telenet-Giants-Antwerp-Hapoel-Jerusalem.html;24/10/2018;Telenet Giants Antwerp;Dom;Q4;03:57;21;Ismael Bako;offensive rebound;83;Hapoel Bank Yahav Jerusalem;5;2;2;;2;;;;1;2;5;3;;;;;;;
18-19_game_2410_Telenet-Giants-Antwerp-Hapoel-Jerusalem.html;24/10/2018;Telenet Giants Antwerp;Dom;Q4;01:40;8;Jae'Sean Tate;defensive rebound;92;Hapoel Bank Yahav Jerusalem;3;4;3;;2;1;1;1;;;5;0;;;;;;;
18-19_game_2410_Telenet-Giants-Antwerp-Hapoel-Jerusalem.html;24/10/2018;Telenet Giants Antwerp;Dom;Q4;01:32;21;Ismael Bako;offensive rebound;92;Hapoel Bank Yahav Jerusalem;1;1;1;;2;;;1;1;1;5;2;;;;;;;
